Province/State,Country/Region,Last Update,Confirmed,Deaths,Recovered
Hong Kong,Hong Kong,2020-01-22 17:00:00,,,
,Japan,2020-01-22 17:00:00,2.0,,
Macau,Macau,2020-01-22 17:00:00,1.0,,
Anhui,Mainland China,2020-01-22 17:00:00,1.0,,
Beijing,Mainland China,2020-01-22 17:00:00,14.0,,
Chongqing,Mainland China,2020-01-22 17:00:00,6.0,,
Fujian,Mainland China,2020-01-22 17:00:00,1.0,,
Gansu,Mainland China,2020-01-22 17:00:00,,,
Guangdong,Mainland China,2020-01-22 17:00:00,26.0,,
Guangxi,Mainland China,2020-01-22 17:00:00,2.0,,
Guizhou,Mainland China,2020-01-22 17:00:00,1.0,,
Hainan,Mainland China,2020-01-22 17:00:00,4.0,,
Hebei,Mainland China,2020-01-22 17:00:00,1.0,,
Heilongjiang,Mainland China,2020-01-22 17:00:00,,,
Henan,Mainland China,2020-01-22 17:00:00,5.0,,
Hubei,Mainland China,2020-01-22 17:00:00,444.0,17.0,28.0
Hunan,Mainland China,2020-01-22 17:00:00,4.0,,
Inner Mongolia,Mainland China,2020-01-22 17:00:00,,,
Jiangsu,Mainland China,2020-01-22 17:00:00,1.0,,
Jiangxi,Mainland China,2020-01-22 17:00:00,2.0,,
Jilin,Mainland China,2020-01-22 17:00:00,,,
Liaoning,Mainland China,2020-01-22 17:00:00,2.0,,
Ningxia,Mainland China,2020-01-22 17:00:00,1.0,,
Qinghai,Mainland China,2020-01-22 17:00:00,,,
Shaanxi,Mainland China,2020-01-22 17:00:00,,,
Shandong,Mainland China,2020-01-22 17:00:00,2.0,,
Shanghai,Mainland China,2020-01-22 17:00:00,9.0,,
Shanxi,Mainland China,2020-01-22 17:00:00,1.0,,
Sichuan,Mainland China,2020-01-22 17:00:00,5.0,,
Tianjin,Mainland China,2020-01-22 17:00:00,4.0,,
Tibet,Mainland China,2020-01-22 17:00:00,,,
Xinjiang,Mainland China,2020-01-22 17:00:00,,,
Yunnan,Mainland China,2020-01-22 17:00:00,1.0,,
Zhejiang,Mainland China,2020-01-22 17:00:00,10.0,,
,South Korea,2020-01-22 17:00:00,1.0,,
Taiwan,Taiwan,2020-01-22 17:00:00,1.0,,
,Thailand,2020-01-22 17:00:00,2.0,,
Washington,US,2020-01-22 17:00:00,1.0,,
,Australia,2020-01-23 17:00:00,,,
,Brazil,2020-01-23 17:00:00,,,
,Colombia,2020-01-23 17:00:00,,,
Hong Kong,Hong Kong,2020-01-23 17:00:00,2.0,,
,Japan,2020-01-23 17:00:00,1.0,,
Macau,Macau,2020-01-23 17:00:00,2.0,,
Anhui,Mainland China,2020-01-23 17:00:00,9.0,,
Beijing,Mainland China,2020-01-23 17:00:00,22.0,,
Chongqing,Mainland China,2020-01-23 17:00:00,9.0,,
Fujian,Mainland China,2020-01-23 17:00:00,5.0,,
Gansu,Mainland China,2020-01-23 17:00:00,2.0,,
Guangdong,Mainland China,2020-01-23 17:00:00,32.0,,2.0
Guangxi,Mainland China,2020-01-23 17:00:00,5.0,,
Guizhou,Mainland China,2020-01-23 17:00:00,3.0,,
Hainan,Mainland China,2020-01-23 17:00:00,5.0,,
Hebei,Mainland China,2020-01-23 17:00:00,1.0,1.0,
Heilongjiang,Mainland China,2020-01-23 17:00:00,2.0,,
Henan,Mainland China,2020-01-23 17:00:00,5.0,,
Hubei,Mainland China,2020-01-23 17:00:00,444.0,17.0,28.0
Hunan,Mainland China,2020-01-23 17:00:00,9.0,,
Inner Mongolia,Mainland China,2020-01-23 17:00:00,,,
Jiangsu,Mainland China,2020-01-23 17:00:00,5.0,,
Jiangxi,Mainland China,2020-01-23 17:00:00,7.0,,
Jilin,Mainland China,2020-01-23 17:00:00,1.0,,
Liaoning,Mainland China,2020-01-23 17:00:00,3.0,,
Ningxia,Mainland China,2020-01-23 17:00:00,1.0,,
Qinghai,Mainland China,2020-01-23 17:00:00,,,
Shaanxi,Mainland China,2020-01-23 17:00:00,3.0,,
Shandong,Mainland China,2020-01-23 17:00:00,6.0,,
Shanghai,Mainland China,2020-01-23 17:00:00,16.0,,
Shanxi,Mainland China,2020-01-23 17:00:00,1.0,,
Sichuan,Mainland China,2020-01-23 17:00:00,8.0,,
Tianjin,Mainland China,2020-01-23 17:00:00,4.0,,
Tibet,Mainland China,2020-01-23 17:00:00,,,
Xinjiang,Mainland China,2020-01-23 17:00:00,2.0,,
Yunnan,Mainland China,2020-01-23 17:00:00,2.0,,
Zhejiang,Mainland China,2020-01-23 17:00:00,27.0,,
,Malaysia,2020-01-23 17:00:00,,,
,Mexico,2020-01-23 17:00:00,,,
,Philippines,2020-01-23 17:00:00,,,
,Singapore,2020-01-23 17:00:00,1.0,,
,South Korea,2020-01-23 17:00:00,1.0,,
Taiwan,Taiwan,2020-01-23 17:00:00,1.0,,
,Thailand,2020-01-23 17:00:00,3.0,,
Washington,US,2020-01-23 17:00:00,1.0,,
,Vietnam,2020-01-23 17:00:00,2.0,,
,France,2020-01-24 17:00:00,2.0,,
Hong Kong,Hong Kong,2020-01-24 17:00:00,2.0,,
,Japan,2020-01-24 17:00:00,2.0,,
Macau,Macau,2020-01-24 17:00:00,2.0,,
Hubei,Mainland China,2020-01-24 17:00:00,549.0,24.0,31.0
Guangdong,Mainland China,2020-01-24 17:00:00,53.0,,2.0
Zhejiang,Mainland China,2020-01-24 17:00:00,43.0,,1.0
Beijing,Mainland China,2020-01-24 17:00:00,36.0,,1.0
Chongqing,Mainland China,2020-01-24 17:00:00,27.0,,
Hunan,Mainland China,2020-01-24 17:00:00,24.0,,
Guangxi,Mainland China,2020-01-24 17:00:00,23.0,,
Shanghai,Mainland China,2020-01-24 17:00:00,20.0,,1.0
Jiangxi,Mainland China,2020-01-24 17:00:00,18.0,,
Sichuan,Mainland China,2020-01-24 17:00:00,15.0,,
Shandong,Mainland China,2020-01-24 17:00:00,15.0,,
Anhui,Mainland China,2020-01-24 17:00:00,15.0,,
Fujian,Mainland China,2020-01-24 17:00:00,10.0,,
Henan,Mainland China,2020-01-24 17:00:00,9.0,,
Jiangsu,Mainland China,2020-01-24 17:00:00,9.0,,
Hainan,Mainland China,2020-01-24 17:00:00,8.0,,
Tianjin,Mainland China,2020-01-24 17:00:00,8.0,,
Yunnan,Mainland China,2020-01-24 17:00:00,5.0,,
Shaanxi,Mainland China,2020-01-24 17:00:00,5.0,,
Heilongjiang,Mainland China,2020-01-24 17:00:00,4.0,1.0,
Liaoning,Mainland China,2020-01-24 17:00:00,4.0,,
Guizhou,Mainland China,2020-01-24 17:00:00,3.0,,
Jilin,Mainland China,2020-01-24 17:00:00,3.0,,
Ningxia,Mainland China,2020-01-24 17:00:00,2.0,,
Hebei,Mainland China,2020-01-24 17:00:00,2.0,1.0,
Gansu,Mainland China,2020-01-24 17:00:00,2.0,,
Xinjiang,Mainland China,2020-01-24 17:00:00,2.0,,
Shanxi,Mainland China,2020-01-24 17:00:00,1.0,,
Inner Mongolia,Mainland China,2020-01-24 17:00:00,1.0,,
Qinghai,Mainland China,2020-01-24 17:00:00,,,
,Singapore,2020-01-24 17:00:00,3.0,,
,South Korea,2020-01-24 17:00:00,2.0,,
Taiwan,Taiwan,2020-01-24 17:00:00,3.0,,
,Thailand,2020-01-24 17:00:00,5.0,,
Washington,US,2020-01-24 17:00:00,1.0,,
Chicago,US,2020-01-24 17:00:00,1.0,,
,Vietnam,2020-01-24 17:00:00,2.0,,
,Australia,2020-01-25 17:00:00,4.0,,
,France,2020-01-25 17:00:00,3.0,,
Hong Kong,Hong Kong,2020-01-25 17:00:00,5.0,,
,Japan,2020-01-25 17:00:00,2.0,,
Macau,Macau,2020-01-25 17:00:00,2.0,,
Hubei,Mainland China,2020-01-25 17:00:00,761.0,40.0,32.0
Guangdong,Mainland China,2020-01-25 17:00:00,78.0,,2.0
Zhejiang,Mainland China,2020-01-25 17:00:00,62.0,,1.0
Chongqing,Mainland China,2020-01-25 17:00:00,57.0,,
Hunan,Mainland China,2020-01-25 17:00:00,43.0,,
Beijing,Mainland China,2020-01-25 17:00:00,41.0,,2.0
Anhui,Mainland China,2020-01-25 17:00:00,39.0,,
Shanghai,Mainland China,2020-01-25 17:00:00,33.0,,1.0
Henan,Mainland China,2020-01-25 17:00:00,32.0,,
Sichuan,Mainland China,2020-01-25 17:00:00,28.0,,
Shandong,Mainland China,2020-01-25 17:00:00,27.0,,
Guangxi,Mainland China,2020-01-25 17:00:00,23.0,,
Hainan,Mainland China,2020-01-25 17:00:00,19.0,,
Jiangxi,Mainland China,2020-01-25 17:00:00,18.0,,
Fujian,Mainland China,2020-01-25 17:00:00,18.0,,
Jiangsu,Mainland China,2020-01-25 17:00:00,18.0,,1.0
Liaoning,Mainland China,2020-01-25 17:00:00,17.0,,
Shaanxi,Mainland China,2020-01-25 17:00:00,15.0,,
Yunnan,Mainland China,2020-01-25 17:00:00,11.0,,
Tianjin,Mainland China,2020-01-25 17:00:00,10.0,,
Heilongjiang,Mainland China,2020-01-25 17:00:00,9.0,1.0,
Hebei,Mainland China,2020-01-25 17:00:00,8.0,1.0,
Inner Mongolia,Mainland China,2020-01-25 17:00:00,7.0,,
Shanxi,Mainland China,2020-01-25 17:00:00,6.0,,
Guizhou,Mainland China,2020-01-25 17:00:00,4.0,,
Jilin,Mainland China,2020-01-25 17:00:00,4.0,,
Gansu,Mainland China,2020-01-25 17:00:00,4.0,,
Ningxia,Mainland China,2020-01-25 17:00:00,3.0,,
Xinjiang,Mainland China,2020-01-25 17:00:00,3.0,,
Qinghai,Mainland China,2020-01-25 17:00:00,1.0,,
,Malaysia,2020-01-25 17:00:00,3.0,,
,Nepal,2020-01-25 17:00:00,1.0,,
,Singapore,2020-01-25 17:00:00,3.0,,
,South Korea,2020-01-25 17:00:00,2.0,,
Taiwan,Taiwan,2020-01-25 17:00:00,3.0,,
,Thailand,2020-01-25 17:00:00,7.0,,
Washington,US,2020-01-25 17:00:00,1.0,,
Illinois,US,2020-01-25 17:00:00,1.0,,
,Vietnam,2020-01-25 17:00:00,2.0,,
,Australia,2020-01-26 16:00:00,4.0,,
Ontario,Canada,2020-01-26 16:00:00,1.0,,
,France,2020-01-26 16:00:00,3.0,,
Hong Kong,Hong Kong,2020-01-26 16:00:00,8.0,,
,Japan,2020-01-26 16:00:00,4.0,,1.0
Macau,Macau,2020-01-26 16:00:00,5.0,,
Hubei,Mainland China,2020-01-26 16:00:00,1058.0,52.0,42.0
Guangdong,Mainland China,2020-01-26 16:00:00,111.0,,2.0
Zhejiang,Mainland China,2020-01-26 16:00:00,104.0,,1.0
Henan,Mainland China,2020-01-26 16:00:00,83.0,1.0,
Chongqing,Mainland China,2020-01-26 16:00:00,75.0,,
Hunan,Mainland China,2020-01-26 16:00:00,69.0,,
Beijing,Mainland China,2020-01-26 16:00:00,68.0,,2.0
Anhui,Mainland China,2020-01-26 16:00:00,60.0,,
Shandong,Mainland China,2020-01-26 16:00:00,46.0,,
Sichuan,Mainland China,2020-01-26 16:00:00,44.0,,
Shanghai,Mainland China,2020-01-26 16:00:00,40.0,1.0,1.0
Guangxi,Mainland China,2020-01-26 16:00:00,36.0,,
Jiangxi,Mainland China,2020-01-26 16:00:00,36.0,,
Fujian,Mainland China,2020-01-26 16:00:00,35.0,,
Jiangsu,Mainland China,2020-01-26 16:00:00,33.0,,1.0
Hainan,Mainland China,2020-01-26 16:00:00,22.0,,
Shaanxi,Mainland China,2020-01-26 16:00:00,22.0,,
Liaoning,Mainland China,2020-01-26 16:00:00,21.0,,
Yunnan,Mainland China,2020-01-26 16:00:00,16.0,,
Heilongjiang,Mainland China,2020-01-26 16:00:00,15.0,1.0,
Tianjin,Mainland China,2020-01-26 16:00:00,14.0,,
Hebei,Mainland China,2020-01-26 16:00:00,13.0,1.0,
Shanxi,Mainland China,2020-01-26 16:00:00,9.0,,
Inner Mongolia,Mainland China,2020-01-26 16:00:00,7.0,,
Gansu,Mainland China,2020-01-26 16:00:00,7.0,,
Guizhou,Mainland China,2020-01-26 16:00:00,5.0,,
Ningxia,Mainland China,2020-01-26 16:00:00,4.0,,
Jilin,Mainland China,2020-01-26 16:00:00,4.0,,
Xinjiang,Mainland China,2020-01-26 16:00:00,4.0,,
Qinghai,Mainland China,2020-01-26 16:00:00,1.0,,
,Malaysia,2020-01-26 16:00:00,4.0,,
,Nepal,2020-01-26 16:00:00,1.0,,
,Singapore,2020-01-26 16:00:00,4.0,,
,South Korea,2020-01-26 16:00:00,3.0,,
Taiwan,Taiwan,2020-01-26 16:00:00,4.0,,
,Thailand,2020-01-26 16:00:00,8.0,,2.0
Washington,US,2020-01-26 16:00:00,1.0,,
Illinois,US,2020-01-26 16:00:00,1.0,,
California,US,2020-01-26 16:00:00,2.0,,
Arizona,US,2020-01-26 16:00:00,1.0,,
,Vietnam,2020-01-26 16:00:00,2.0,,
New South Wales,Australia,2020-01-27 23:59:00,4.0,,
Victoria,Australia,2020-01-27 23:59:00,1.0,,
,Cambodia,2020-01-27 23:59:00,1.0,,
Ontario,Canada,2020-01-27 23:59:00,1.0,,
,France,2020-01-27 23:59:00,3.0,,
Hong Kong,Hong Kong,2020-01-27 23:59:00,8.0,,
,Ivory Coast,2020-01-27 23:59:00,1.0,,
,Japan,2020-01-27 23:59:00,4.0,,1.0
Macau,Macau,2020-01-27 23:59:00,6.0,,
Hubei,Mainland China,2020-01-27 23:59:00,1423.0,76.0,45.0
Guangdong,Mainland China,2020-01-27 23:59:00,151.0,,4.0
Zhejiang,Mainland China,2020-01-27 23:59:00,128.0,,1.0
Henan,Mainland China,2020-01-27 23:59:00,128.0,1.0,
Chongqing,Mainland China,2020-01-27 23:59:00,110.0,,
Hunan,Mainland China,2020-01-27 23:59:00,100.0,,
Beijing,Mainland China,2020-01-27 23:59:00,80.0,1.0,2.0
Shandong,Mainland China,2020-01-27 23:59:00,75.0,,
Jiangxi,Mainland China,2020-01-27 23:59:00,72.0,,2.0
Anhui,Mainland China,2020-01-27 23:59:00,70.0,,
Sichuan,Mainland China,2020-01-27 23:59:00,69.0,,
Fujian,Mainland China,2020-01-27 23:59:00,59.0,,
Shanghai,Mainland China,2020-01-27 23:59:00,53.0,1.0,3.0
Jiangsu,Mainland China,2020-01-27 23:59:00,47.0,,1.0
Guangxi,Mainland China,2020-01-27 23:59:00,46.0,,
Shaanxi,Mainland China,2020-01-27 23:59:00,35.0,,
Hainan,Mainland China,2020-01-27 23:59:00,33.0,1.0,
Liaoning,Mainland China,2020-01-27 23:59:00,27.0,,
Yunnan,Mainland China,2020-01-27 23:59:00,26.0,,
Tianjin,Mainland China,2020-01-27 23:59:00,23.0,,
Heilongjiang,Mainland China,2020-01-27 23:59:00,21.0,1.0,
Hebei,Mainland China,2020-01-27 23:59:00,18.0,1.0,
Gansu,Mainland China,2020-01-27 23:59:00,14.0,,
Shanxi,Mainland China,2020-01-27 23:59:00,13.0,,
Inner Mongolia,Mainland China,2020-01-27 23:59:00,11.0,,
Guizhou,Mainland China,2020-01-27 23:59:00,7.0,,
Ningxia,Mainland China,2020-01-27 23:59:00,7.0,,
Jilin,Mainland China,2020-01-27 23:59:00,6.0,,
Qinghai,Mainland China,2020-01-27 23:59:00,6.0,,
Xinjiang,Mainland China,2020-01-27 23:59:00,5.0,,
,Malaysia,2020-01-27 23:59:00,4.0,,
,Nepal,2020-01-27 23:59:00,1.0,,
,Singapore,2020-01-27 23:59:00,5.0,,
,South Korea,2020-01-27 23:59:00,4.0,,
,Sri Lanka,2020-01-27 23:59:00,1.0,,
Taiwan,Taiwan,2020-01-27 23:59:00,5.0,,
,Thailand,2020-01-27 23:59:00,8.0,,2.0
Washington,US,2020-01-27 23:59:00,1.0,,
Illinois,US,2020-01-27 23:59:00,1.0,,
California,US,2020-01-27 23:59:00,2.0,,
Arizona,US,2020-01-27 23:59:00,1.0,,
,Vietnam,2020-01-27 23:59:00,2.0,,
New South Wales,Australia,2020-01-28 23:00:00,4.0,,
Victoria,Australia,2020-01-28 23:00:00,1.0,,
,Cambodia,2020-01-28 23:00:00,1.0,,
Ontario,Canada,2020-01-28 23:00:00,1.0,,
British Columbia,Canada,2020-01-28 23:00:00,1.0,,
,France,2020-01-28 23:00:00,4.0,,
Bavaria,Germany,2020-01-28 23:00:00,4.0,,
Hong Kong,Hong Kong,2020-01-28 23:00:00,8.0,,
,Japan,2020-01-28 23:00:00,7.0,,1.0
Macau,Macau,2020-01-28 23:00:00,7.0,,
Hubei,Mainland China,2020-01-28 23:00:00,3554.0,125.0,80.0
Guangdong,Mainland China,2020-01-28 23:00:00,207.0,,4.0
Zhejiang,Mainland China,2020-01-28 23:00:00,173.0,,3.0
Henan,Mainland China,2020-01-28 23:00:00,168.0,1.0,
Hunan,Mainland China,2020-01-28 23:00:00,143.0,,
Chongqing,Mainland China,2020-01-28 23:00:00,132.0,,
Jiangxi,Mainland China,2020-01-28 23:00:00,109.0,,3.0
Anhui,Mainland China,2020-01-28 23:00:00,106.0,,
Shandong,Mainland China,2020-01-28 23:00:00,95.0,,
Beijing,Mainland China,2020-01-28 23:00:00,91.0,1.0,4.0
Sichuan,Mainland China,2020-01-28 23:00:00,90.0,,
Fujian,Mainland China,2020-01-28 23:00:00,80.0,,
Jiangsu,Mainland China,2020-01-28 23:00:00,70.0,,1.0
Shanghai,Mainland China,2020-01-28 23:00:00,66.0,1.0,4.0
Guangxi,Mainland China,2020-01-28 23:00:00,51.0,,2.0
Shaanxi,Mainland China,2020-01-28 23:00:00,46.0,,
Yunnan,Mainland China,2020-01-28 23:00:00,44.0,,
Hainan,Mainland China,2020-01-28 23:00:00,40.0,1.0,
Liaoning,Mainland China,2020-01-28 23:00:00,34.0,,
Hebei,Mainland China,2020-01-28 23:00:00,33.0,1.0,
Heilongjiang,Mainland China,2020-01-28 23:00:00,33.0,1.0,
Shanxi,Mainland China,2020-01-28 23:00:00,27.0,,
Tianjin,Mainland China,2020-01-28 23:00:00,24.0,,
Gansu,Mainland China,2020-01-28 23:00:00,19.0,,
Inner Mongolia,Mainland China,2020-01-28 23:00:00,15.0,,
Ningxia,Mainland China,2020-01-28 23:00:00,11.0,,
Xinjiang,Mainland China,2020-01-28 23:00:00,10.0,,
Guizhou,Mainland China,2020-01-28 23:00:00,9.0,,
Jilin,Mainland China,2020-01-28 23:00:00,8.0,,
Qinghai,Mainland China,2020-01-28 23:00:00,6.0,,
,Malaysia,2020-01-28 23:00:00,4.0,,
,Nepal,2020-01-28 23:00:00,1.0,,
,Singapore,2020-01-28 23:00:00,7.0,,
,South Korea,2020-01-28 23:00:00,4.0,,
,Sri Lanka,2020-01-28 23:00:00,1.0,,
Taiwan,Taiwan,2020-01-28 23:00:00,8.0,,
,Thailand,2020-01-28 23:00:00,14.0,,5.0
Washington,US,2020-01-28 23:00:00,1.0,,
Illinois,US,2020-01-28 23:00:00,1.0,,
California,US,2020-01-28 23:00:00,2.0,,
Arizona,US,2020-01-28 23:00:00,1.0,,
,Vietnam,2020-01-28 23:00:00,2.0,,
New South Wales,Australia,2020-01-29 19:30:00,4.0,,
Victoria,Australia,2020-01-29 19:30:00,1.0,,
,Cambodia,2020-01-29 19:30:00,1.0,,
Ontario,Canada,2020-01-29 19:30:00,1.0,,
British Columbia,Canada,2020-01-29 19:30:00,1.0,,
,Finland,2020-01-29 19:30:00,1.0,,
,France,2020-01-29 19:30:00,5.0,,
Bavaria,Germany,2020-01-29 19:30:00,4.0,,
Hong Kong,Hong Kong,2020-01-29 19:30:00,10.0,,
,Japan,2020-01-29 19:30:00,7.0,,1.0
Macau,Macau,2020-01-29 19:30:00,7.0,,
Hubei,Mainland China,2020-01-29 19:30:00,3554.0,125.0,88.0
Zhejiang,Mainland China,2020-01-29 19:30:00,296.0,,3.0
Guangdong,Mainland China,2020-01-29 19:30:00,277.0,,5.0
Hunan,Mainland China,2020-01-29 19:30:00,221.0,,
Henan,Mainland China,2020-01-29 19:30:00,206.0,2.0,1.0
Anhui,Mainland China,2020-01-29 19:30:00,152.0,,2.0
Chongqing,Mainland China,2020-01-29 19:30:00,147.0,,1.0
Shandong,Mainland China,2020-01-29 19:30:00,130.0,,1.0
Beijing,Mainland China,2020-01-29 19:30:00,111.0,1.0,4.0
Jiangxi,Mainland China,2020-01-29 19:30:00,109.0,,3.0
Sichuan,Mainland China,2020-01-29 19:30:00,108.0,1.0,1.0
Jiangsu,Mainland China,2020-01-29 19:30:00,99.0,,1.0
Shanghai,Mainland China,2020-01-29 19:30:00,96.0,1.0,5.0
Fujian,Mainland China,2020-01-29 19:30:00,84.0,,
Guangxi,Mainland China,2020-01-29 19:30:00,58.0,,2.0
Shaanxi,Mainland China,2020-01-29 19:30:00,56.0,,
Yunnan,Mainland China,2020-01-29 19:30:00,55.0,,
Hebei,Mainland China,2020-01-29 19:30:00,48.0,1.0,
Hainan,Mainland China,2020-01-29 19:30:00,43.0,1.0,
Liaoning,Mainland China,2020-01-29 19:30:00,39.0,,1.0
Heilongjiang,Mainland China,2020-01-29 19:30:00,38.0,1.0,
Tianjin,Mainland China,2020-01-29 19:30:00,27.0,,
Shanxi,Mainland China,2020-01-29 19:30:00,27.0,,1.0
Gansu,Mainland China,2020-01-29 19:30:00,24.0,,
Inner Mongolia,Mainland China,2020-01-29 19:30:00,16.0,,
Xinjiang,Mainland China,2020-01-29 19:30:00,13.0,,
Ningxia,Mainland China,2020-01-29 19:30:00,12.0,,
Guizhou,Mainland China,2020-01-29 19:30:00,9.0,,1.0
Jilin,Mainland China,2020-01-29 19:30:00,9.0,,
Qinghai,Mainland China,2020-01-29 19:30:00,6.0,,
,Malaysia,2020-01-29 19:30:00,7.0,,
,Nepal,2020-01-29 19:30:00,1.0,,
,Singapore,2020-01-29 19:30:00,7.0,,
,South Korea,2020-01-29 19:30:00,4.0,,
,Sri Lanka,2020-01-29 19:30:00,1.0,,
Taiwan,Taiwan,2020-01-29 19:30:00,8.0,,
,Thailand,2020-01-29 19:30:00,14.0,,5.0
Washington,US,2020-01-29 19:30:00,1.0,,
Illinois,US,2020-01-29 19:30:00,1.0,,
California,US,2020-01-29 19:30:00,2.0,,
Arizona,US,2020-01-29 19:30:00,1.0,,
,United Arab Emirates,2020-01-29 19:30:00,4.0,,
,Vietnam,2020-01-29 19:30:00,2.0,,
New South Wales,Australia,2020-01-30 16:00:00,4.0,,2.0
Victoria,Australia,2020-01-30 16:00:00,2.0,,
Queensland,Australia,2020-01-30 16:00:00,3.0,,
,Cambodia,2020-01-30 16:00:00,1.0,,
Ontario,Canada,2020-01-30 16:00:00,2.0,,
British Columbia,Canada,2020-01-30 16:00:00,1.0,,
,Finland,2020-01-30 16:00:00,1.0,,
,France,2020-01-30 16:00:00,5.0,,
Bavaria,Germany,2020-01-30 16:00:00,4.0,,
Hong Kong,Hong Kong,2020-01-30 16:00:00,10.0,,
,India,2020-01-30 16:00:00,1.0,,
,Japan,2020-01-30 16:00:00,11.0,,1.0
Macau,Macau,2020-01-30 16:00:00,7.0,,
Hubei,Mainland China,2020-01-30 16:00:00,4903.0,162.0,90.0
Zhejiang,Mainland China,2020-01-30 16:00:00,428.0,,4.0
Guangdong,Mainland China,2020-01-30 16:00:00,354.0,,10.0
Henan,Mainland China,2020-01-30 16:00:00,278.0,2.0,2.0
Hunan,Mainland China,2020-01-30 16:00:00,277.0,,2.0
Anhui,Mainland China,2020-01-30 16:00:00,200.0,,2.0
Chongqing,Mainland China,2020-01-30 16:00:00,182.0,,1.0
Jiangxi,Mainland China,2020-01-30 16:00:00,162.0,,5.0
Shandong,Mainland China,2020-01-30 16:00:00,158.0,,1.0
Sichuan,Mainland China,2020-01-30 16:00:00,142.0,1.0,1.0
Jiangsu,Mainland China,2020-01-30 16:00:00,129.0,,1.0
Beijing,Mainland China,2020-01-30 16:00:00,114.0,1.0,4.0
Shanghai,Mainland China,2020-01-30 16:00:00,112.0,1.0,5.0
Fujian,Mainland China,2020-01-30 16:00:00,101.0,,
Guangxi,Mainland China,2020-01-30 16:00:00,78.0,,2.0
Yunnan,Mainland China,2020-01-30 16:00:00,70.0,,
Hebei,Mainland China,2020-01-30 16:00:00,65.0,1.0,
Shaanxi,Mainland China,2020-01-30 16:00:00,63.0,,
Hainan,Mainland China,2020-01-30 16:00:00,46.0,1.0,1.0
Heilongjiang,Mainland China,2020-01-30 16:00:00,44.0,2.0,
Liaoning,Mainland China,2020-01-30 16:00:00,41.0,,1.0
Shanxi,Mainland China,2020-01-30 16:00:00,35.0,,1.0
Tianjin,Mainland China,2020-01-30 16:00:00,31.0,,
Gansu,Mainland China,2020-01-30 16:00:00,26.0,,
Inner Mongolia,Mainland China,2020-01-30 16:00:00,19.0,,
Ningxia,Mainland China,2020-01-30 16:00:00,17.0,,
Jilin,Mainland China,2020-01-30 16:00:00,14.0,,1.0
Xinjiang,Mainland China,2020-01-30 16:00:00,14.0,,
Guizhou,Mainland China,2020-01-30 16:00:00,12.0,,1.0
Qinghai,Mainland China,2020-01-30 16:00:00,8.0,,
Tibet,Mainland China,2020-01-30 16:00:00,1.0,,
,Malaysia,2020-01-30 16:00:00,8.0,,
,Nepal,2020-01-30 16:00:00,1.0,,
,Philippines,2020-01-30 16:00:00,1.0,,
,Singapore,2020-01-30 16:00:00,10.0,,
,South Korea,2020-01-30 16:00:00,4.0,,
,Sri Lanka,2020-01-30 16:00:00,1.0,,
Taiwan,Taiwan,2020-01-30 16:00:00,9.0,,
,Thailand,2020-01-30 16:00:00,14.0,,5.0
Washington,US,2020-01-30 16:00:00,1.0,,
Illinois,US,2020-01-30 16:00:00,1.0,,
California,US,2020-01-30 16:00:00,2.0,,
Arizona,US,2020-01-30 16:00:00,1.0,,
,United Arab Emirates,2020-01-30 16:00:00,4.0,,
,Vietnam,2020-01-30 16:00:00,2.0,,
,Cambodia,2020-01-31 08:15:00,1.0,0.0,0.0
,Finland,2020-01-31 08:15:00,1.0,0.0,0.0
,India,2020-01-31 08:15:00,1.0,0.0,0.0
,Italy,2020-01-31 08:15:00,2.0,0.0,0.0
Macau,Macau,2020-01-31 08:15:00,7.0,0.0,0.0
,Malaysia,2020-01-31 08:15:00,8.0,0.0,0.0
,Nepal,2020-01-31 08:15:00,1.0,0.0,0.0
,Sri Lanka,2020-01-31 08:15:00,1.0,0.0,0.0
,United Arab Emirates,2020-01-31 08:15:00,4.0,0.0,0.0
,Cambodia,2020-01-31 08:15:53,1.0,0.0,0.0
,Finland,2020-01-31 08:15:53,1.0,0.0,0.0
,Italy,2020-01-31 08:15:53,2.0,0.0,0.0
,Malaysia,2020-01-31 08:15:53,8.0,0.0,0.0
,Nepal,2020-01-31 08:15:53,1.0,0.0,0.0
,Sri Lanka,2020-01-31 08:15:53,1.0,0.0,0.0
,Thailand,2020-01-31 10:37:00,19.0,0.0,5.0
Guizhou,Mainland China,2020-01-31 15:20:00,29.0,0.0,2.0
Taiwan,Taiwan,2020-01-31 15:20:00,10.0,0.0,0.0
Taiwan,Taiwan,2020-01-31 15:20:56,10.0,0.0,0.0
,Russia,2020-01-31 16:13:00,2.0,0.0,0.0
,Russia,2020-01-31 16:13:45,2.0,0.0,0.0
New South Wales,Australia,2020-01-31 23:59:00,4.0,,2.0
Victoria,Australia,2020-01-31 23:59:00,3.0,,
Queensland,Australia,2020-01-31 23:59:00,2.0,,
,Cambodia,2020-01-31 23:59:00,1.0,,
Ontario,Canada,2020-01-31 23:59:00,2.0,,
British Columbia,Canada,2020-01-31 23:59:00,1.0,,
,Finland,2020-01-31 23:59:00,1.0,,
,France,2020-01-31 23:59:00,5.0,,
Bavaria,Germany,2020-01-31 23:59:00,5.0,,
Hong Kong,Hong Kong,2020-01-31 23:59:00,12.0,,
,India,2020-01-31 23:59:00,1.0,,
,Italy,2020-01-31 23:59:00,2.0,,
,Japan,2020-01-31 23:59:00,15.0,,1.0
Macau,Macau,2020-01-31 23:59:00,7.0,,
Hubei,Mainland China,2020-01-31 23:59:00,5806.0,204.0,141.0
Zhejiang,Mainland China,2020-01-31 23:59:00,538.0,,14.0
Guangdong,Mainland China,2020-01-31 23:59:00,436.0,,11.0
Henan,Mainland China,2020-01-31 23:59:00,352.0,2.0,3.0
Hunan,Mainland China,2020-01-31 23:59:00,332.0,,2.0
Jiangxi,Mainland China,2020-01-31 23:59:00,240.0,,7.0
Anhui,Mainland China,2020-01-31 23:59:00,237.0,,3.0
Chongqing,Mainland China,2020-01-31 23:59:00,211.0,,1.0
Shandong,Mainland China,2020-01-31 23:59:00,184.0,,2.0
Sichuan,Mainland China,2020-01-31 23:59:00,177.0,1.0,1.0
Jiangsu,Mainland China,2020-01-31 23:59:00,168.0,,5.0
Beijing,Mainland China,2020-01-31 23:59:00,139.0,1.0,5.0
Shanghai,Mainland China,2020-01-31 23:59:00,135.0,1.0,9.0
Fujian,Mainland China,2020-01-31 23:59:00,120.0,,
Guangxi,Mainland China,2020-01-31 23:59:00,87.0,,2.0
Shaanxi,Mainland China,2020-01-31 23:59:00,87.0,,
Yunnan,Mainland China,2020-01-31 23:59:00,83.0,,1.0
Hebei,Mainland China,2020-01-31 23:59:00,82.0,1.0,
Heilongjiang,Mainland China,2020-01-31 23:59:00,59.0,2.0,
Hainan,Mainland China,2020-01-31 23:59:00,52.0,1.0,1.0
Liaoning,Mainland China,2020-01-31 23:59:00,48.0,,1.0
Shanxi,Mainland China,2020-01-31 23:59:00,39.0,,1.0
Tianjin,Mainland China,2020-01-31 23:59:00,32.0,,
Guizhou,Mainland China,2020-01-31 23:59:00,29.0,,2.0
Gansu,Mainland China,2020-01-31 23:59:00,29.0,,
Ningxia,Mainland China,2020-01-31 23:59:00,21.0,,
Inner Mongolia,Mainland China,2020-01-31 23:59:00,20.0,,1.0
Xinjiang,Mainland China,2020-01-31 23:59:00,17.0,,
Jilin,Mainland China,2020-01-31 23:59:00,14.0,,1.0
Qinghai,Mainland China,2020-01-31 23:59:00,8.0,,
Tibet,Mainland China,2020-01-31 23:59:00,1.0,,
,Malaysia,2020-01-31 23:59:00,8.0,,
,Nepal,2020-01-31 23:59:00,1.0,,
,Philippines,2020-01-31 23:59:00,1.0,,
,Russia,2020-01-31 23:59:00,2.0,,
,Singapore,2020-01-31 23:59:00,13.0,,
,South Korea,2020-01-31 23:59:00,11.0,,
,Sri Lanka,2020-01-31 23:59:00,1.0,,
,Sweden,2020-01-31 23:59:00,1.0,,
Taiwan,Taiwan,2020-01-31 23:59:00,10.0,,
,Thailand,2020-01-31 23:59:00,19.0,,5.0
,UK,2020-01-31 23:59:00,2.0,,
Illinois,US,2020-01-31 23:59:00,2.0,,
California,US,2020-01-31 23:59:00,2.0,,
Washington,US,2020-01-31 23:59:00,1.0,,
Arizona,US,2020-01-31 23:59:00,1.0,,
,United Arab Emirates,2020-01-31 23:59:00,4.0,,
,Vietnam,2020-01-31 23:59:00,2.0,,
,France,2020-02-01 01:52:00,6.0,0.0,0.0
Henan,Mainland China,2020-02-01 01:52:00,422.0,2.0,3.0
Jiangxi,Mainland China,2020-02-01 01:52:00,286.0,0.0,9.0
Sichuan,Mainland China,2020-02-01 01:52:00,207.0,1.0,3.0
Guangxi,Mainland China,2020-02-01 01:52:00,100.0,0.0,2.0
Hebei,Mainland China,2020-02-01 01:52:00,96.0,1.0,0.0
Shanxi,Mainland China,2020-02-01 01:52:00,47.0,0.0,1.0
Jilin,Mainland China,2020-02-01 01:52:00,17.0,0.0,1.0
Tibet,Mainland China,2020-02-01 01:52:00,1.0,0.0,0.0
,UK,2020-02-01 01:52:00,2.0,0.0,0.0
,France,2020-02-01 01:52:40,6.0,0.0,0.0
Tibet,Mainland China,2020-02-01 01:52:40,1.0,0.0,0.0
,UK,2020-02-01 01:52:40,2.0,0.0,0.0
Ningxia,Mainland China,2020-02-01 02:13:00,26.0,0.0,0.0
,Spain,2020-02-01 02:13:00,1.0,0.0,0.0
,Sweden,2020-02-01 02:13:00,1.0,0.0,0.0
,Sweden,2020-02-01 02:13:26,1.0,0.0,0.0
Hong Kong,Hong Kong,2020-02-01 05:37:00,13.0,0.0,0.0
Fujian,Mainland China,2020-02-01 05:37:00,144.0,0.0,0.0
Shaanxi,Mainland China,2020-02-01 05:37:00,101.0,0.0,0.0
Inner Mongolia,Mainland China,2020-02-01 05:37:00,23.0,0.0,1.0
Xinjiang,Mainland China,2020-02-01 05:37:00,18.0,0.0,0.0
Qinghai,Mainland China,2020-02-01 05:37:00,9.0,0.0,0.0
,Singapore,2020-02-01 05:37:00,16.0,0.0,0.0
Shanghai,Mainland China,2020-02-01 06:05:00,169.0,1.0,10.0
,Vietnam,2020-02-01 07:38:00,6.0,0.0,1.0
,Vietnam,2020-02-01 07:38:12,6.0,0.0,1.0
Shandong,Mainland China,2020-02-01 07:51:00,206.0,0.0,3.0
Chongqing,Mainland China,2020-02-01 08:43:00,247.0,1.0,3.0
Hainan,Mainland China,2020-02-01 08:43:00,62.0,1.0,1.0
Beijing,Mainland China,2020-02-01 09:17:00,168.0,1.0,9.0
Heilongjiang,Mainland China,2020-02-01 10:33:00,80.0,2.0,2.0
,South Korea,2020-02-01 10:43:00,12.0,0.0,0.0
Zhejiang,Mainland China,2020-02-01 10:53:00,599.0,0.0,21.0
Hunan,Mainland China,2020-02-01 11:03:00,389.0,0.0,8.0
Hubei,Mainland China,2020-02-01 11:53:00,7153.0,249.0,168.0
Anhui,Mainland China,2020-02-01 13:33:00,297.0,0.0,5.0
Jiangsu,Mainland China,2020-02-01 14:03:00,202.0,0.0,6.0
Guangdong,Mainland China,2020-02-01 14:23:00,535.0,0.0,14.0
Liaoning,Mainland China,2020-02-01 15:23:00,64.0,0.0,1.0
Tianjin,Mainland China,2020-02-01 15:43:00,41.0,0.0,0.0
Gansu,Mainland China,2020-02-01 15:43:00,40.0,0.0,0.0
Yunnan,Mainland China,2020-02-01 15:53:00,93.0,0.0,2.0
,Philippines,2020-02-01 17:43:00,1.0,0.0,0.0
New South Wales,Australia,2020-02-01 18:12:00,4.0,0.0,2.0
Victoria,Australia,2020-02-01 18:12:00,4.0,0.0,0.0
Queensland,Australia,2020-02-01 18:12:00,3.0,0.0,0.0
South Australia,Australia,2020-02-01 18:12:00,1.0,0.0,0.0
Ontario,Canada,2020-02-01 18:12:00,3.0,0.0,0.0
British Columbia,Canada,2020-02-01 18:12:00,1.0,0.0,0.0
New South Wales,Australia,2020-02-01 18:12:49,4.0,0.0,2.0
Victoria,Australia,2020-02-01 18:12:49,4.0,0.0,0.0
Ontario,Canada,2020-02-01 18:12:49,3.0,0.0,0.0
British Columbia,Canada,2020-02-01 18:12:49,1.0,0.0,0.0
,Germany,2020-02-01 18:33:00,8.0,0.0,0.0
,Japan,2020-02-01 18:53:00,20.0,0.0,1.0
,Japan,2020-02-01 18:53:03,20.0,0.0,1.0
"Chicago, IL",US,2020-02-01 19:43:00,2.0,0.0,0.0
"Boston, MA",US,2020-02-01 19:43:00,1.0,0.0,0.0
"Seattle, WA",US,2020-02-01 19:43:00,1.0,0.0,0.0
"Tempe, AZ",US,2020-02-01 19:43:00,1.0,0.0,0.0
"Chicago, IL",US,2020-02-01 19:43:03,2.0,0.0,0.0
"Boston, MA",US,2020-02-01 19:43:03,1.0,0.0,0.0
"Seattle, WA",US,2020-02-01 19:43:03,1.0,0.0,0.0
"Tempe, AZ",US,2020-02-01 19:43:03,1.0,0.0,0.0
"Los Angeles, CA",US,2020-02-01 19:53:00,1.0,0.0,0.0
"Orange, CA",US,2020-02-01 19:53:00,1.0,0.0,0.0
"Santa Clara, CA",US,2020-02-01 19:53:00,1.0,0.0,0.0
"Los Angeles, CA",US,2020-02-01 19:53:03,1.0,0.0,0.0
"Orange, CA",US,2020-02-01 19:53:03,1.0,0.0,0.0
"Santa Clara, CA",US,2020-02-01 19:53:03,1.0,0.0,0.0
,Spain,2020-02-01 23:43:02,1.0,0.0,0.0
Guangxi,Mainland China,2020-02-02 00:23:13,111.0,0.0,2.0
Xinjiang,Mainland China,2020-02-02 00:43:02,21.0,0.0,0.0
Guizhou,Mainland China,2020-02-02 01:03:32,38.0,0.0,2.0
,Singapore,2020-02-02 01:03:32,18.0,0.0,0.0
Ningxia,Mainland China,2020-02-02 01:43:02,28.0,0.0,0.0
,South Korea,2020-02-02 02:23:13,15.0,0.0,0.0
Jilin,Mainland China,2020-02-02 02:33:02,23.0,0.0,1.0
Hebei,Mainland China,2020-02-02 02:53:02,104.0,1.0,3.0
Shaanxi,Mainland China,2020-02-02 03:23:14,116.0,0.0,0.0
Heilongjiang,Mainland China,2020-02-02 03:23:14,95.0,2.0,2.0
,Philippines,2020-02-02 03:33:07,2.0,1.0,0.0
Fujian,Mainland China,2020-02-02 03:43:01,159.0,0.0,0.0
Inner Mongolia,Mainland China,2020-02-02 03:43:01,27.0,0.0,1.0
Macau,Macau,2020-02-02 04:23:14,8.0,0.0,0.0
Qinghai,Mainland China,2020-02-02 05:33:03,11.0,0.0,0.0
,United Arab Emirates,2020-02-02 05:43:01,5.0,0.0,0.0
Shanghai,Mainland China,2020-02-02 05:53:02,182.0,1.0,10.0
,India,2020-02-02 06:03:08,2.0,0.0,0.0
Beijing,Mainland China,2020-02-02 08:43:02,191.0,1.0,9.0
Tianjin,Mainland China,2020-02-02 09:43:01,48.0,0.0,1.0
,Germany,2020-02-02 18:03:05,10.0,0.0,0.0
Zhejiang,Mainland China,2020-02-02 18:03:05,661.0,0.0,32.0
Guangdong,Mainland China,2020-02-02 18:03:05,632.0,0.0,15.0
Henan,Mainland China,2020-02-02 18:03:05,493.0,2.0,10.0
Hunan,Mainland China,2020-02-02 18:03:05,463.0,0.0,16.0
Anhui,Mainland China,2020-02-02 18:03:05,340.0,0.0,7.0
Jiangxi,Mainland China,2020-02-02 18:03:05,333.0,0.0,12.0
Jiangsu,Mainland China,2020-02-02 18:03:05,236.0,0.0,7.0
Sichuan,Mainland China,2020-02-02 18:03:05,231.0,1.0,11.0
Shandong,Mainland China,2020-02-02 18:03:05,230.0,0.0,6.0
Yunnan,Mainland China,2020-02-02 18:03:05,105.0,0.0,3.0
Liaoning,Mainland China,2020-02-02 18:03:05,70.0,0.0,1.0
Hainan,Mainland China,2020-02-02 18:03:05,64.0,1.0,4.0
Queensland,Australia,2020-02-02 22:33:07,2.0,0.0,0.0
South Australia,Australia,2020-02-02 22:33:07,2.0,0.0,0.0
Shanxi,Mainland China,2020-02-02 23:23:13,66.0,0.0,3.0
Chongqing,Mainland China,2020-02-02 23:33:02,300.0,2.0,7.0
Hubei,Mainland China,2020-02-02 23:43:02,11177.0,350.0,295.0
Gansu,Mainland China,2020-02-02 23:43:02,51.0,0.0,3.0
Hong Kong,Hong Kong,2020-02-02 23:53:02,15.0,0.0,0.0
Hebei,Mainland China,2020-02-03 00:23:14,113.0,1.0,3.0
"Santa Clara, CA",US,2020-02-03 00:43:02,2.0,0.0,0.0
Jilin,Mainland China,2020-02-03 00:53:03,31.0,0.0,1.0
Guizhou,Mainland China,2020-02-03 01:03:22,46.0,0.0,2.0
Xinjiang,Mainland China,2020-02-03 01:13:21,24.0,0.0,0.0
Jiangxi,Mainland China,2020-02-03 01:33:02,391.0,0.0,18.0
Shaanxi,Mainland China,2020-02-03 02:33:02,128.0,0.0,0.0
Qinghai,Mainland China,2020-02-03 02:43:01,13.0,0.0,0.0
Inner Mongolia,Mainland China,2020-02-03 03:03:09,34.0,0.0,1.0
"San Benito, CA",US,2020-02-03 03:53:02,2.0,0.0,0.0
Shanghai,Mainland China,2020-02-03 07:03:12,203.0,1.0,10.0
Heilongjiang,Mainland China,2020-02-03 07:13:19,121.0,2.0,2.0
Ningxia,Mainland China,2020-02-03 08:33:03,31.0,0.0,1.0
Beijing,Mainland China,2020-02-03 09:23:05,212.0,1.0,12.0
Hunan,Mainland China,2020-02-03 11:03:10,521.0,0.0,22.0
Jiangsu,Mainland China,2020-02-03 11:03:10,271.0,0.0,8.0
Sichuan,Mainland China,2020-02-03 11:23:23,254.0,1.0,14.0
Fujian,Mainland China,2020-02-03 11:33:13,179.0,0.0,1.0
Guangxi,Mainland China,2020-02-03 12:33:02,127.0,0.0,7.0
Guangdong,Mainland China,2020-02-03 12:53:02,725.0,0.0,21.0
Zhejiang,Mainland China,2020-02-03 13:33:02,724.0,0.0,43.0
Tianjin,Mainland China,2020-02-03 13:53:03,60.0,0.0,1.0
Henan,Mainland China,2020-02-03 17:11:34,566.0,2.0,16.0
Anhui,Mainland China,2020-02-03 17:11:34,408.0,0.0,14.0
Shandong,Mainland China,2020-02-03 17:11:34,259.0,0.0,7.0
Liaoning,Mainland China,2020-02-03 17:11:34,74.0,0.0,1.0
Hainan,Mainland China,2020-02-03 17:11:34,72.0,1.0,4.0
,Germany,2020-02-03 20:53:02,12.0,0.0,0.0
,India,2020-02-03 21:43:02,3.0,0.0,0.0
,Vietnam,2020-02-03 21:43:02,8.0,0.0,1.0
Gansu,Mainland China,2020-02-03 23:03:08,55.0,0.0,3.0
Shanxi,Mainland China,2020-02-03 23:13:11,74.0,0.0,2.0
Hubei,Mainland China,2020-02-03 23:23:03,13522.0,414.0,386.0
Yunnan,Mainland China,2020-02-03 23:23:03,117.0,0.0,5.0
Chongqing,Mainland China,2020-02-03 23:43:02,337.0,2.0,9.0
"London, ON",Canada,2020-02-04 00:03:11,1.0,0.0,0.0
"Toronto, ON",Canada,2020-02-04 00:13:06,2.0,0.0,0.0
Jilin,Mainland China,2020-02-04 00:23:05,42.0,0.0,1.0
Xinjiang,Mainland China,2020-02-04 01:33:01,29.0,0.0,0.0
Qinghai,Mainland China,2020-02-04 01:33:01,15.0,0.0,0.0
Sichuan,Mainland China,2020-02-04 01:43:02,282.0,1.0,14.0
Ningxia,Mainland China,2020-02-04 02:13:18,34.0,0.0,1.0
Inner Mongolia,Mainland China,2020-02-04 03:03:07,35.0,0.0,1.0
Macau,Macau,2020-02-04 04:43:02,10.0,0.0,0.0
Anhui,Mainland China,2020-02-04 05:33:01,480.0,0.0,20.0
Guangxi,Mainland China,2020-02-04 05:53:01,139.0,0.0,10.0
Shanghai,Mainland China,2020-02-04 06:33:02,219.0,1.0,12.0
,Malaysia,2020-02-04 07:33:02,10.0,0.0,0.0
Heilongjiang,Mainland China,2020-02-04 07:43:01,155.0,2.0,4.0
Beijing,Mainland China,2020-02-04 08:33:01,228.0,1.0,23.0
Hebei,Mainland China,2020-02-04 08:53:01,126.0,1.0,4.0
Hong Kong,Hong Kong,2020-02-04 09:03:02,17.0,1.0,0.0
Guizhou,Mainland China,2020-02-04 10:43:02,58.0,0.0,2.0
Hainan,Mainland China,2020-02-04 11:33:03,80.0,1.0,5.0
Henan,Mainland China,2020-02-04 11:53:02,675.0,2.0,27.0
Jiangsu,Mainland China,2020-02-04 11:53:02,308.0,0.0,12.0
Shandong,Mainland China,2020-02-04 12:03:04,275.0,0.0,11.0
Fujian,Mainland China,2020-02-04 12:13:11,194.0,0.0,3.0
Shaanxi,Mainland China,2020-02-04 12:33:02,142.0,0.0,2.0
Zhejiang,Mainland China,2020-02-04 13:03:07,829.0,0.0,62.0
Guangdong,Mainland China,2020-02-04 13:03:07,813.0,0.0,30.0
Tianjin,Mainland China,2020-02-04 13:33:02,67.0,0.0,2.0
Hunan,Mainland China,2020-02-04 14:03:03,593.0,0.0,31.0
Liaoning,Mainland China,2020-02-04 14:13:08,81.0,0.0,2.0
Jiangxi,Mainland China,2020-02-04 14:43:02,476.0,0.0,20.0
Taiwan,Taiwan,2020-02-04 14:53:02,11.0,0.0,0.0
,Singapore,2020-02-04 15:33:03,24.0,0.0,0.0
,South Korea,2020-02-04 15:33:03,16.0,0.0,0.0
,Thailand,2020-02-04 15:33:03,25.0,0.0,5.0
,Belgium,2020-02-04 15:43:02,1.0,0.0,0.0
Gansu,Mainland China,2020-02-04 15:43:02,57.0,0.0,4.0
,Japan,2020-02-04 16:43:03,22.0,0.0,1.0
Queensland,Australia,2020-02-04 16:53:03,3.0,0.0,0.0
Yunnan,Mainland China,2020-02-04 23:23:02,122.0,0.0,5.0
Shanxi,Mainland China,2020-02-04 23:23:02,81.0,0.0,4.0
Hubei,Mainland China,2020-02-04 23:43:01,16678.0,479.0,522.0
Chongqing,Mainland China,2020-02-04 23:43:01,366.0,2.0,9.0
Jiangxi,Mainland China,2020-02-05 01:33:07,548.0,0.0,27.0
Xinjiang,Mainland China,2020-02-05 02:03:13,32.0,0.0,0.0
Qinghai,Mainland China,2020-02-05 03:13:05,17.0,0.0,3.0
Tianjin,Mainland China,2020-02-05 03:43:02,69.0,1.0,2.0
Beijing,Mainland China,2020-02-05 05:43:02,253.0,1.0,24.0
Shanghai,Mainland China,2020-02-05 06:23:04,243.0,1.0,15.0
Shaanxi,Mainland China,2020-02-05 08:43:01,165.0,0.0,6.0
Inner Mongolia,Mainland China,2020-02-05 08:53:02,42.0,0.0,3.0
Shandong,Mainland China,2020-02-05 10:13:13,307.0,0.0,15.0
Sichuan,Mainland China,2020-02-05 10:13:13,301.0,1.0,24.0
Jilin,Mainland China,2020-02-05 11:03:16,54.0,0.0,2.0
Hebei,Mainland China,2020-02-05 11:23:18,135.0,1.0,6.0
Guangxi,Mainland China,2020-02-05 12:03:08,150.0,0.0,13.0
Heilongjiang,Mainland China,2020-02-05 12:13:04,190.0,2.0,7.0
Fujian,Mainland China,2020-02-05 12:33:01,205.0,0.0,11.0
Guizhou,Mainland China,2020-02-05 12:33:02,64.0,1.0,9.0
Jiangsu,Mainland China,2020-02-05 12:43:02,341.0,0.0,23.0
Hong Kong,Hong Kong,2020-02-05 13:13:10,21.0,1.0,0.0
Guangdong,Mainland China,2020-02-05 13:23:04,895.0,0.0,49.0
Anhui,Mainland China,2020-02-05 13:43:02,530.0,0.0,23.0
Henan,Mainland China,2020-02-05 15:03:02,764.0,2.0,47.0
Zhejiang,Mainland China,2020-02-05 15:13:02,895.0,0.0,78.0
Hunan,Mainland China,2020-02-05 15:23:02,661.0,0.0,54.0
Liaoning,Mainland China,2020-02-05 15:23:02,89.0,0.0,4.0
Shanxi,Mainland China,2020-02-05 15:23:02,81.0,0.0,5.0
,South Korea,2020-02-05 15:33:01,19.0,0.0,0.0
,Malaysia,2020-02-05 15:43:02,12.0,0.0,0.0
Gansu,Mainland China,2020-02-05 16:23:06,62.0,0.0,6.0
,Singapore,2020-02-05 16:33:03,28.0,0.0,0.0
Hainan,Mainland China,2020-02-05 16:43:04,99.0,1.0,5.0
British Columbia,Canada,2020-02-05 17:33:03,2.0,0.0,0.0
"Madison, WI",US,2020-02-05 21:53:02,1.0,0.0,0.0
Hubei,Mainland China,2020-02-05 23:13:12,19665.0,549.0,633.0
Yunnan,Mainland China,2020-02-05 23:33:02,128.0,0.0,5.0
Chongqing,Mainland China,2020-02-05 23:43:02,389.0,2.0,15.0
Xinjiang,Mainland China,2020-02-06 01:13:08,36.0,0.0,0.0
,Vietnam,2020-02-06 01:13:08,10.0,0.0,1.0
Ningxia,Mainland China,2020-02-06 02:13:15,40.0,0.0,1.0
Qinghai,Mainland China,2020-02-06 02:13:15,18.0,0.0,3.0
Inner Mongolia,Mainland China,2020-02-06 02:23:08,46.0,0.0,4.0
Jiangxi,Mainland China,2020-02-06 02:33:01,600.0,0.0,37.0
Queensland,Australia,2020-02-06 02:53:03,4.0,0.0,0.0
,Japan,2020-02-06 02:53:03,45.0,0.0,1.0
,South Korea,2020-02-06 02:53:03,23.0,0.0,0.0
New South Wales,Australia,2020-02-06 03:13:22,4.0,0.0,2.0
Beijing,Mainland China,2020-02-06 03:23:11,274.0,1.0,31.0
Guangxi,Mainland China,2020-02-06 04:13:13,168.0,0.0,14.0
Shanghai,Mainland China,2020-02-06 06:53:07,257.0,1.0,25.0
Shandong,Mainland China,2020-02-06 07:53:02,347.0,0.0,27.0
Jiangsu,Mainland China,2020-02-06 08:03:10,373.0,0.0,34.0
Sichuan,Mainland China,2020-02-06 08:03:10,321.0,1.0,31.0
Heilongjiang,Mainland China,2020-02-06 08:13:06,227.0,3.0,8.0
Yunnan,Mainland China,2020-02-06 09:43:02,133.0,0.0,7.0
Guizhou,Mainland China,2020-02-06 09:53:02,71.0,1.0,6.0
Zhejiang,Mainland China,2020-02-06 10:53:04,954.0,0.0,94.0
Fujian,Mainland China,2020-02-06 11:03:19,215.0,0.0,14.0
Hainan,Mainland China,2020-02-06 11:13:24,106.0,1.0,8.0
Henan,Mainland China,2020-02-06 11:23:14,851.0,2.0,56.0
Guangdong,Mainland China,2020-02-06 12:43:02,970.0,0.0,69.0
Hunan,Mainland China,2020-02-06 13:13:06,711.0,0.0,81.0
Anhui,Mainland China,2020-02-06 13:33:02,591.0,0.0,34.0
Shaanxi,Mainland China,2020-02-06 13:53:02,173.0,0.0,9.0
Hebei,Mainland China,2020-02-06 13:53:02,157.0,1.0,13.0
Macau,Macau,2020-02-06 14:23:04,10.0,0.0,1.0
Jilin,Mainland China,2020-02-06 14:23:04,59.0,0.0,4.0
Liaoning,Mainland China,2020-02-06 14:33:02,94.0,0.0,5.0
Hong Kong,Hong Kong,2020-02-06 14:43:02,24.0,1.0,0.0
Taiwan,Taiwan,2020-02-06 15:03:04,16.0,0.0,1.0
Shanxi,Mainland China,2020-02-06 23:03:02,96.0,0.0,12.0
Hubei,Mainland China,2020-02-06 23:23:02,22112.0,618.0,817.0
Chongqing,Mainland China,2020-02-06 23:33:02,411.0,2.0,24.0
Tianjin,Mainland China,2020-02-06 23:43:01,79.0,1.0,2.0
Guangxi,Mainland China,2020-02-07 00:33:02,172.0,0.0,17.0
Jilin,Mainland China,2020-02-07 00:43:02,65.0,1.0,4.0
Queensland,Australia,2020-02-07 01:03:02,5.0,0.0,0.0
Jiangxi,Mainland China,2020-02-07 01:23:02,661.0,0.0,45.0
Xinjiang,Mainland China,2020-02-07 01:43:02,39.0,0.0,0.0
Gansu,Mainland China,2020-02-07 02:33:06,67.0,0.0,9.0
,Singapore,2020-02-07 03:03:03,30.0,0.0,0.0
,South Korea,2020-02-07 03:03:03,24.0,0.0,1.0
Beijing,Mainland China,2020-02-07 03:23:02,297.0,1.0,33.0
,Japan,2020-02-07 04:13:20,25.0,0.0,1.0
Anhui,Mainland China,2020-02-07 05:13:07,665.0,0.0,47.0
British Columbia,Canada,2020-02-07 05:43:03,4.0,0.0,0.0
Tianjin,Mainland China,2020-02-07 05:43:03,81.0,1.0,2.0
Shanghai,Mainland China,2020-02-07 06:14:15,277.0,1.0,30.0
Heilongjiang,Mainland China,2020-02-07 07:43:02,277.0,3.0,12.0
Sichuan,Mainland China,2020-02-07 08:23:09,344.0,1.0,42.0
Shaanxi,Mainland China,2020-02-07 08:23:09,184.0,0.0,17.0
,Malaysia,2020-02-07 09:13:21,12.0,0.0,1.0
Guangdong,Mainland China,2020-02-07 10:13:06,1034.0,1.0,88.0
Guizhou,Mainland China,2020-02-07 11:13:07,81.0,1.0,6.0
Inner Mongolia,Mainland China,2020-02-07 11:13:07,50.0,0.0,5.0
Ningxia,Mainland China,2020-02-07 11:13:07,43.0,0.0,5.0
Zhejiang,Mainland China,2020-02-07 11:33:11,1006.0,0.0,123.0
Hunan,Mainland China,2020-02-07 11:33:11,772.0,0.0,112.0
Shandong,Mainland China,2020-02-07 11:33:11,386.0,0.0,37.0
Hong Kong,Hong Kong,2020-02-07 11:53:02,25.0,1.0,0.0
Hebei,Mainland China,2020-02-07 12:03:04,172.0,1.0,22.0
Hainan,Mainland China,2020-02-07 12:33:02,117.0,2.0,10.0
Fujian,Mainland China,2020-02-07 13:23:03,224.0,0.0,20.0
Henan,Mainland China,2020-02-07 14:03:12,914.0,3.0,86.0
Jiangsu,Mainland China,2020-02-07 14:03:12,408.0,0.0,43.0
Liaoning,Mainland China,2020-02-07 15:33:03,99.0,0.0,7.0
,Germany,2020-02-07 16:33:03,13.0,0.0,0.0
Cruise Ship,Others,2020-02-07 16:33:03,61.0,0.0,0.0
,Philippines,2020-02-07 16:43:04,3.0,1.0,0.0
,Italy,2020-02-07 17:53:02,3.0,0.0,0.0
,UK,2020-02-07 18:33:02,3.0,0.0,0.0
Yunnan,Mainland China,2020-02-07 23:23:04,138.0,0.0,12.0
Chongqing,Mainland China,2020-02-07 23:33:02,426.0,2.0,31.0
Hubei,Mainland China,2020-02-07 23:43:02,24953.0,699.0,1115.0
Shanxi,Mainland China,2020-02-07 23:43:02,104.0,0.0,15.0
Hong Kong,Hong Kong,2020-02-08 00:03:07,26.0,1.0,0.0
Jilin,Mainland China,2020-02-08 00:13:04,69.0,1.0,4.0
Guangxi,Mainland China,2020-02-08 00:23:03,183.0,0.0,17.0
Jiangxi,Mainland China,2020-02-08 01:23:02,698.0,0.0,55.0
Beijing,Mainland China,2020-02-08 03:13:09,315.0,2.0,34.0
Xinjiang,Mainland China,2020-02-08 03:23:10,42.0,0.0,0.0
Inner Mongolia,Mainland China,2020-02-08 03:33:02,52.0,0.0,5.0
,Sri Lanka,2020-02-08 03:43:03,1.0,0.0,1.0
Heilongjiang,Mainland China,2020-02-08 04:03:09,295.0,5.0,13.0
Taiwan,Taiwan,2020-02-08 05:23:02,17.0,0.0,1.0
Shanghai,Mainland China,2020-02-08 06:33:02,286.0,1.0,41.0
Guizhou,Mainland China,2020-02-08 06:43:03,89.0,1.0,7.0
,United Arab Emirates,2020-02-08 07:03:16,7.0,0.0,0.0
,Vietnam,2020-02-08 07:23:04,13.0,0.0,1.0
Anhui,Mainland China,2020-02-08 07:43:02,733.0,0.0,59.0
Fujian,Mainland China,2020-02-08 08:13:10,239.0,0.0,24.0
Tianjin,Mainland China,2020-02-08 08:23:04,88.0,1.0,4.0
Yunnan,Mainland China,2020-02-08 08:43:02,138.0,0.0,17.0
Ningxia,Mainland China,2020-02-08 09:13:16,45.0,0.0,15.0
,France,2020-02-08 09:53:01,11.0,0.0,0.0
Shaanxi,Mainland China,2020-02-08 10:13:06,195.0,0.0,20.0
Jiangsu,Mainland China,2020-02-08 10:23:04,439.0,0.0,51.0
Hainan,Mainland China,2020-02-08 10:23:04,124.0,2.0,14.0
,Malaysia,2020-02-08 10:23:04,16.0,0.0,1.0
Zhejiang,Mainland China,2020-02-08 10:53:02,1048.0,0.0,175.0
Chongqing,Mainland China,2020-02-08 11:03:15,428.0,2.0,39.0
Shandong,Mainland China,2020-02-08 11:33:02,416.0,0.0,44.0
Hebei,Mainland China,2020-02-08 11:33:02,195.0,1.0,30.0
Guangdong,Mainland China,2020-02-08 11:53:01,1095.0,1.0,112.0
Liaoning,Mainland China,2020-02-08 11:53:01,105.0,0.0,8.0
Hunan,Mainland China,2020-02-08 12:53:01,803.0,1.0,156.0
,Singapore,2020-02-08 12:53:01,33.0,0.0,2.0
,Thailand,2020-02-08 12:53:01,32.0,0.0,10.0
Henan,Mainland China,2020-02-08 14:13:12,981.0,4.0,116.0
Gansu,Mainland China,2020-02-08 15:13:14,79.0,1.0,12.0
Sichuan,Mainland China,2020-02-08 15:23:04,364.0,1.0,60.0
Hubei,Mainland China,2020-02-08 23:33:06,27100.0,780.0,1439.0
Shanxi,Mainland China,2020-02-08 23:53:02,115.0,0.0,21.0
Guangxi,Mainland China,2020-02-09 00:33:07,195.0,1.0,18.0
Xinjiang,Mainland China,2020-02-09 01:23:08,45.0,0.0,0.0
Ningxia,Mainland China,2020-02-09 02:03:11,45.0,0.0,13.0
Inner Mongolia,Mainland China,2020-02-09 02:23:07,54.0,0.0,5.0
,South Korea,2020-02-09 02:33:02,25.0,0.0,3.0
,Singapore,2020-02-09 02:43:02,40.0,0.0,2.0
Shaanxi,Mainland China,2020-02-09 03:03:09,208.0,0.0,25.0
Beijing,Mainland China,2020-02-09 03:43:02,326.0,2.0,37.0
,Germany,2020-02-09 06:13:11,14.0,0.0,0.0
,Japan,2020-02-09 06:13:11,26.0,0.0,1.0
Diamond Princess cruise ship,Others,2020-02-09 06:13:11,64.0,0.0,0.0
Shanghai,Mainland China,2020-02-09 06:33:01,293.0,1.0,44.0
"Seattle, WA",US,2020-02-09 07:03:04,1.0,0.0,1.0
Heilongjiang,Mainland China,2020-02-09 08:43:05,307.0,6.0,14.0
Yunnan,Mainland China,2020-02-09 08:53:02,141.0,0.0,18.0
Jilin,Mainland China,2020-02-09 09:03:04,78.0,1.0,12.0
Fujian,Mainland China,2020-02-09 09:13:11,250.0,0.0,35.0
Taiwan,Taiwan,2020-02-09 09:13:11,18.0,0.0,1.0
Anhui,Mainland China,2020-02-09 09:33:02,779.0,1.0,72.0
Hong Kong,Hong Kong,2020-02-09 09:53:02,29.0,1.0,0.0
Guizhou,Mainland China,2020-02-09 09:53:02,99.0,1.0,7.0
Jiangsu,Mainland China,2020-02-09 10:23:11,468.0,0.0,71.0
Henan,Mainland China,2020-02-09 11:23:08,1033.0,6.0,153.0
Jiangxi,Mainland China,2020-02-09 11:33:12,740.0,0.0,73.0
Zhejiang,Mainland China,2020-02-09 12:03:04,1075.0,0.0,201.0
Liaoning,Mainland China,2020-02-09 12:23:03,107.0,0.0,12.0
Hunan,Mainland China,2020-02-09 12:33:01,838.0,1.0,186.0
Sichuan,Mainland China,2020-02-09 12:43:01,386.0,1.0,71.0
Hebei,Mainland China,2020-02-09 12:43:01,206.0,2.0,34.0
Hainan,Mainland China,2020-02-09 13:33:02,131.0,3.0,19.0
Guangdong,Mainland China,2020-02-09 15:03:05,1131.0,1.0,141.0
Shandong,Mainland China,2020-02-09 15:03:05,444.0,1.0,63.0
"Chicago, IL",US,2020-02-09 19:03:03,2.0,0.0,2.0
Queensland,Australia,2020-02-09 19:33:02,5.0,0.0,0.0
,Spain,2020-02-09 20:33:03,2.0,0.0,0.0
Hubei,Mainland China,2020-02-09 23:33:02,29631.0,871.0,1795.0
Gansu,Mainland China,2020-02-09 23:33:02,83.0,2.0,16.0
Shanxi,Mainland China,2020-02-09 23:43:02,119.0,0.0,25.0
Tianjin,Mainland China,2020-02-09 23:43:02,91.0,1.0,4.0
Chongqing,Mainland China,2020-02-09 23:53:02,468.0,2.0,51.0
Xinjiang,Mainland China,2020-02-10 01:13:06,49.0,0.0,0.0
Ningxia,Mainland China,2020-02-10 01:43:02,49.0,0.0,13.0
Inner Mongolia,Mainland China,2020-02-10 02:43:05,58.0,0.0,5.0
,Malaysia,2020-02-10 03:03:09,18.0,0.0,1.0
,South Korea,2020-02-10 03:03:09,27.0,0.0,3.0
,Vietnam,2020-02-10 03:03:09,14.0,0.0,1.0
Beijing,Mainland China,2020-02-10 03:13:08,337.0,2.0,44.0
Shanghai,Mainland China,2020-02-10 06:03:13,299.0,1.0,48.0
Anhui,Mainland China,2020-02-10 07:23:04,830.0,3.0,88.0
Gansu,Mainland China,2020-02-10 07:23:04,83.0,2.0,17.0
Heilongjiang,Mainland China,2020-02-10 07:33:05,331.0,7.0,30.0
Shandong,Mainland China,2020-02-10 09:33:02,466.0,1.0,66.0
Hainan,Mainland China,2020-02-10 09:33:02,138.0,3.0,19.0
Yunnan,Mainland China,2020-02-10 09:43:02,149.0,0.0,19.0
Sichuan,Mainland China,2020-02-10 10:03:02,405.0,1.0,80.0
Hebei,Mainland China,2020-02-10 10:03:02,218.0,2.0,41.0
Hong Kong,Hong Kong,2020-02-10 10:13:06,38.0,1.0,0.0
Guizhou,Mainland China,2020-02-10 12:33:02,109.0,1.0,10.0
Shaanxi,Mainland China,2020-02-10 13:23:06,213.0,0.0,30.0
Guangdong,Mainland China,2020-02-10 13:43:02,1159.0,1.0,167.0
Henan,Mainland China,2020-02-10 13:53:02,1073.0,6.0,191.0
Hunan,Mainland China,2020-02-10 13:53:02,879.0,1.0,208.0
Jiangxi,Mainland China,2020-02-10 13:53:02,771.0,1.0,105.0
Jiangsu,Mainland China,2020-02-10 14:03:05,492.0,0.0,81.0
Fujian,Mainland China,2020-02-10 14:03:05,261.0,0.0,39.0
Guangxi,Mainland China,2020-02-10 14:03:05,210.0,1.0,24.0
Liaoning,Mainland China,2020-02-10 14:03:05,108.0,0.0,13.0
Jilin,Mainland China,2020-02-10 14:03:05,80.0,1.0,13.0
Zhejiang,Mainland China,2020-02-10 14:13:12,1092.0,0.0,242.0
Tianjin,Mainland China,2020-02-10 14:23:08,95.0,1.0,8.0
Diamond Princess cruise ship,Others,2020-02-10 16:03:12,135.0,0.0,0.0
,Singapore,2020-02-10 19:03:02,45.0,0.0,2.0
,UK,2020-02-10 19:03:02,8.0,0.0,0.0
,Japan,2020-02-10 21:33:02,26.0,0.0,4.0
,United Arab Emirates,2020-02-10 23:03:09,8.0,0.0,0.0
Hubei,Mainland China,2020-02-10 23:33:02,31728.0,974.0,2222.0
Chongqing,Mainland China,2020-02-10 23:43:02,486.0,2.0,66.0
"San Diego County, CA",US,2020-02-11 01:23:05,1.0,0.0,0.0
,Japan,2020-02-11 02:53:02,26.0,0.0,9.0
,South Korea,2020-02-11 02:53:02,28.0,0.0,3.0
Beijing,Mainland China,2020-02-11 03:03:07,342.0,3.0,48.0
,Malaysia,2020-02-11 03:13:13,18.0,0.0,3.0
Shaanxi,Mainland China,2020-02-11 06:03:16,219.0,0.0,32.0
Shanghai,Mainland China,2020-02-11 06:23:02,303.0,1.0,52.0
Jilin,Mainland China,2020-02-11 08:03:06,81.0,1.0,18.0
Jiangsu,Mainland China,2020-02-11 08:13:06,515.0,0.0,93.0
Xinjiang,Mainland China,2020-02-11 09:13:11,55.0,0.0,3.0
Yunnan,Mainland China,2020-02-11 09:23:04,153.0,0.0,20.0
Hong Kong,Hong Kong,2020-02-11 09:43:02,49.0,1.0,0.0
Anhui,Mainland China,2020-02-11 09:43:02,860.0,4.0,105.0
Ningxia,Mainland China,2020-02-11 10:03:08,53.0,0.0,22.0
Shandong,Mainland China,2020-02-11 11:23:04,487.0,1.0,80.0
Sichuan,Mainland China,2020-02-11 11:23:04,417.0,1.0,85.0
Heilongjiang,Mainland China,2020-02-11 11:23:04,360.0,8.0,28.0
Hebei,Mainland China,2020-02-11 11:23:04,239.0,2.0,48.0
Guangxi,Mainland China,2020-02-11 11:23:04,215.0,1.0,33.0
Qinghai,Mainland China,2020-02-11 11:23:04,18.0,0.0,5.0
Zhejiang,Mainland China,2020-02-11 12:53:02,1117.0,0.0,270.0
Hunan,Mainland China,2020-02-11 12:53:02,912.0,1.0,247.0
Liaoning,Mainland China,2020-02-11 12:53:02,111.0,0.0,19.0
Guangdong,Mainland China,2020-02-11 14:03:05,1177.0,1.0,212.0
Henan,Mainland China,2020-02-11 14:03:05,1105.0,7.0,218.0
Jiangxi,Mainland China,2020-02-11 14:03:05,804.0,1.0,128.0
Fujian,Mainland China,2020-02-11 14:03:05,267.0,0.0,45.0
Guizhou,Mainland China,2020-02-11 14:03:05,127.0,1.0,17.0
Hainan,Mainland China,2020-02-11 14:33:02,144.0,3.0,20.0
Gansu,Mainland China,2020-02-11 15:23:04,86.0,2.0,24.0
,Singapore,2020-02-11 16:43:06,47.0,0.0,9.0
,Vietnam,2020-02-11 16:43:06,15.0,0.0,6.0
,Thailand,2020-02-11 18:43:04,33.0,0.0,10.0
,Germany,2020-02-11 19:33:03,16.0,0.0,0.0
Tianjin,Mainland China,2020-02-11 23:13:05,106.0,2.0,10.0
Hubei,Mainland China,2020-02-11 23:33:02,33366.0,1068.0,2639.0
Shanxi,Mainland China,2020-02-11 23:33:02,124.0,0.0,30.0
Chongqing,Mainland China,2020-02-11 23:53:02,505.0,3.0,79.0
,Finland,2020-02-12 00:03:12,1.0,0.0,1.0
,United Arab Emirates,2020-02-12 00:33:02,8.0,0.0,1.0
Jiangxi,Mainland China,2020-02-12 01:23:06,844.0,1.0,152.0
Xinjiang,Mainland China,2020-02-12 01:43:02,59.0,0.0,3.0
,Japan,2020-02-12 02:43:03,28.0,0.0,9.0
Beijing,Mainland China,2020-02-12 02:43:03,352.0,3.0,56.0
Diamond Princess cruise ship,Others,2020-02-12 04:23:38,175.0,0.0,0.0
Shanghai,Mainland China,2020-02-12 06:23:08,311.0,1.0,57.0
Tibet,Mainland China,2020-02-12 06:43:02,1.0,0.0,1.0
,Cambodia,2020-02-12 07:43:02,1.0,0.0,1.0
,Philippines,2020-02-12 07:43:02,3.0,1.0,1.0
Qinghai,Mainland China,2020-02-12 08:03:06,18.0,0.0,9.0
Guizhou,Mainland China,2020-02-12 09:43:02,133.0,1.0,18.0
Hong Kong,Hong Kong,2020-02-12 09:53:02,50.0,1.0,1.0
Macau,Macau,2020-02-12 09:53:02,10.0,0.0,2.0
Zhejiang,Mainland China,2020-02-12 10:13:20,1131.0,0.0,321.0
Anhui,Mainland China,2020-02-12 10:13:20,889.0,4.0,127.0
Shandong,Mainland China,2020-02-12 11:13:05,497.0,2.0,92.0
Hebei,Mainland China,2020-02-12 11:13:05,251.0,2.0,54.0
Shaanxi,Mainland China,2020-02-12 11:13:05,225.0,0.0,43.0
Inner Mongolia,Mainland China,2020-02-12 11:13:05,60.0,0.0,6.0
Ningxia,Mainland China,2020-02-12 11:13:05,58.0,0.0,24.0
Fujian,Mainland China,2020-02-12 11:53:02,272.0,0.0,53.0
Guangdong,Mainland China,2020-02-12 12:23:09,1219.0,1.0,275.0
Hunan,Mainland China,2020-02-12 12:43:03,946.0,2.0,304.0
Sichuan,Mainland China,2020-02-12 12:43:03,436.0,1.0,92.0
Liaoning,Mainland China,2020-02-12 13:33:02,116.0,1.0,20.0
Hubei,Mainland China,2020-02-12 14:13:08,33366.0,1068.0,2686.0
Henan,Mainland China,2020-02-12 14:13:08,1135.0,8.0,246.0
Jiangsu,Mainland China,2020-02-12 14:13:08,543.0,0.0,125.0
Heilongjiang,Mainland China,2020-02-12 14:13:08,378.0,8.0,31.0
Yunnan,Mainland China,2020-02-12 14:13:08,154.0,0.0,26.0
Jilin,Mainland China,2020-02-12 14:13:08,83.0,1.0,22.0
,Nepal,2020-02-12 14:43:03,1.0,0.0,1.0
,Russia,2020-02-12 14:43:03,2.0,0.0,2.0
,South Korea,2020-02-12 14:43:03,28.0,0.0,7.0
Guangxi,Mainland China,2020-02-12 15:03:05,222.0,1.0,32.0
Tianjin,Mainland China,2020-02-12 15:03:05,112.0,2.0,11.0
Hainan,Mainland China,2020-02-12 17:03:03,157.0,4.0,27.0
,France,2020-02-12 18:53:02,11.0,0.0,2.0
"London, ON",Canada,2020-02-12 18:53:03,1.0,0.0,1.0
,UK,2020-02-12 19:03:06,9.0,0.0,1.0
,Singapore,2020-02-12 19:53:02,50.0,0.0,15.0
Shanxi,Mainland China,2020-02-12 23:03:02,126.0,0.0,33.0
Chongqing,Mainland China,2020-02-12 23:13:08,518.0,3.0,102.0
Gansu,Mainland China,2020-02-12 23:23:01,87.0,2.0,31.0
Guangxi,Mainland China,2020-02-13 00:23:10,222.0,2.0,33.0
Jiangxi,Mainland China,2020-02-13 01:13:08,872.0,1.0,170.0
Ningxia,Mainland China,2020-02-13 01:23:08,64.0,0.0,24.0
Inner Mongolia,Mainland China,2020-02-13 01:23:08,61.0,0.0,6.0
"San Diego County, CA",US,2020-02-13 03:13:08,2.0,0.0,0.0
Shanghai,Mainland China,2020-02-13 06:13:15,315.0,1.0,62.0
,Vietnam,2020-02-13 06:33:02,16.0,0.0,7.0
Yunnan,Mainland China,2020-02-13 08:43:08,156.0,0.0,27.0
Qinghai,Mainland China,2020-02-13 08:43:08,18.0,0.0,11.0
Jiangsu,Mainland China,2020-02-13 10:33:23,570.0,0.0,139.0
Fujian,Mainland China,2020-02-13 10:33:23,279.0,0.0,57.0
Hebei,Mainland China,2020-02-13 10:33:23,265.0,3.0,68.0
Shaanxi,Mainland China,2020-02-13 10:33:23,229.0,0.0,46.0
Guizhou,Mainland China,2020-02-13 10:33:23,135.0,1.0,27.0
Xinjiang,Mainland China,2020-02-13 10:33:23,63.0,1.0,6.0
Hainan,Mainland China,2020-02-13 10:43:03,157.0,4.0,30.0
,Malaysia,2020-02-13 10:53:02,19.0,0.0,3.0
Hunan,Mainland China,2020-02-13 11:53:02,968.0,2.0,339.0
Heilongjiang,Mainland China,2020-02-13 12:13:06,395.0,9.0,33.0
,Japan,2020-02-13 12:23:05,28.0,1.0,9.0
Guangdong,Mainland China,2020-02-13 13:33:01,1241.0,2.0,314.0
Anhui,Mainland China,2020-02-13 13:33:01,910.0,5.0,157.0
Shandong,Mainland China,2020-02-13 13:33:01,509.0,2.0,105.0
Sichuan,Mainland China,2020-02-13 13:33:01,451.0,1.0,104.0
Jilin,Mainland China,2020-02-13 13:33:01,84.0,1.0,24.0
Macau,Macau,2020-02-13 14:13:06,10.0,0.0,3.0
Hubei,Mainland China,2020-02-13 14:13:06,48206.0,1310.0,3459.0
Zhejiang,Mainland China,2020-02-13 14:13:06,1145.0,0.0,360.0
Beijing,Mainland China,2020-02-13 14:13:06,366.0,3.0,69.0
Liaoning,Mainland China,2020-02-13 14:33:02,117.0,1.0,22.0
,Singapore,2020-02-13 14:33:02,58.0,0.0,15.0
Hong Kong,Hong Kong,2020-02-13 14:53:02,53.0,1.0,1.0
Henan,Mainland China,2020-02-13 14:53:02,1169.0,10.0,296.0
,Germany,2020-02-13 15:13:11,16.0,0.0,1.0
Gansu,Mainland China,2020-02-13 15:53:03,90.0,2.0,39.0
New South Wales,Australia,2020-02-13 17:53:03,4.0,0.0,4.0
Victoria,Australia,2020-02-13 17:53:03,4.0,0.0,4.0
,Thailand,2020-02-13 17:53:03,33.0,0.0,12.0
,India,2020-02-13 18:53:02,3.0,0.0,0.0
"San Antonio, TX",US,2020-02-13 18:53:02,1.0,0.0,0.0
Chongqing,Mainland China,2020-02-13 23:23:05,529.0,4.0,128.0
Shanxi,Mainland China,2020-02-13 23:23:05,126.0,0.0,36.0
Tianjin,Mainland China,2020-02-13 23:43:02,119.0,3.0,21.0
Diamond Princess cruise ship,Others,2020-02-14 00:13:23,218.0,0.0,0.0
Jilin,Mainland China,2020-02-14 00:43:02,86.0,1.0,25.0
Jiangxi,Mainland China,2020-02-14 01:13:06,900.0,1.0,187.0
Xinjiang,Mainland China,2020-02-14 01:13:06,65.0,1.0,6.0
Ningxia,Mainland China,2020-02-14 01:43:02,67.0,0.0,24.0
Guizhou,Mainland China,2020-02-14 01:53:02,140.0,1.0,28.0
Inner Mongolia,Mainland China,2020-02-14 02:03:08,65.0,0.0,6.0
Taiwan,Taiwan,2020-02-14 02:13:06,18.0,0.0,2.0
,Japan,2020-02-14 03:53:02,29.0,1.0,9.0
Shanghai,Mainland China,2020-02-14 04:13:11,318.0,1.0,90.0
Beijing,Mainland China,2020-02-14 06:33:02,372.0,3.0,80.0
Hong Kong,Hong Kong,2020-02-14 09:03:12,56.0,1.0,1.0
Hunan,Mainland China,2020-02-14 09:23:04,988.0,2.0,364.0
Jiangsu,Mainland China,2020-02-14 10:03:03,593.0,0.0,157.0
Shandong,Mainland China,2020-02-14 11:13:22,523.0,2.0,136.0
Sichuan,Mainland China,2020-02-14 11:13:22,463.0,1.0,114.0
Hebei,Mainland China,2020-02-14 11:13:22,283.0,3.0,87.0
Fujian,Mainland China,2020-02-14 11:13:22,281.0,0.0,63.0
Tianjin,Mainland China,2020-02-14 11:13:22,120.0,3.0,31.0
,Singapore,2020-02-14 12:43:02,67.0,0.0,17.0
Guangdong,Mainland China,2020-02-14 12:53:02,1261.0,2.0,362.0
Henan,Mainland China,2020-02-14 12:53:02,1184.0,11.0,357.0
Anhui,Mainland China,2020-02-14 12:53:02,934.0,6.0,193.0
Shaanxi,Mainland China,2020-02-14 12:53:02,230.0,0.0,54.0
Yunnan,Mainland China,2020-02-14 12:53:02,162.0,0.0,36.0
Heilongjiang,Mainland China,2020-02-14 13:23:07,419.0,11.0,47.0
Zhejiang,Mainland China,2020-02-14 14:13:15,1155.0,0.0,403.0
Guangxi,Mainland China,2020-02-14 15:23:02,226.0,2.0,36.0
Hainan,Mainland China,2020-02-14 15:23:02,159.0,4.0,43.0
Liaoning,Mainland China,2020-02-14 15:23:02,119.0,1.0,29.0
Shanxi,Mainland China,2020-02-14 23:23:04,127.0,0.0,38.0
Hubei,Mainland China,2020-02-14 23:33:02,54406.0,1457.0,4774.0
Chongqing,Mainland China,2020-02-14 23:33:02,537.0,5.0,152.0
,Egypt,2020-02-14 23:53:02,1.0,0.0,0.0
Jiangxi,Mainland China,2020-02-15 01:33:02,913.0,1.0,210.0
Shanghai,Mainland China,2020-02-15 03:13:06,326.0,1.0,124.0
Taiwan,Taiwan,2020-02-15 03:43:02,18.0,0.0,2.0
,United Arab Emirates,2020-02-15 06:03:03,8.0,0.0,3.0
Guangxi,Mainland China,2020-02-15 06:33:01,235.0,2.0,44.0
Yunnan,Mainland China,2020-02-15 06:33:01,168.0,0.0,42.0
Sichuan,Mainland China,2020-02-15 08:43:03,470.0,1.0,119.0
Ningxia,Mainland China,2020-02-15 08:43:03,70.0,0.0,33.0
Qinghai,Mainland China,2020-02-15 08:43:03,18.0,0.0,13.0
Beijing,Mainland China,2020-02-15 09:53:01,375.0,4.0,98.0
Liaoning,Mainland China,2020-02-15 09:53:01,119.0,1.0,31.0
Xinjiang,Mainland China,2020-02-15 09:53:01,70.0,1.0,10.0
Zhejiang,Mainland China,2020-02-15 11:23:17,1162.0,0.0,428.0
Shandong,Mainland China,2020-02-15 11:23:17,532.0,2.0,156.0
Hainan,Mainland China,2020-02-15 11:23:17,162.0,4.0,39.0
Heilongjiang,Mainland China,2020-02-15 11:43:01,425.0,11.0,68.0
Henan,Mainland China,2020-02-15 12:13:08,1212.0,13.0,391.0
Anhui,Mainland China,2020-02-15 12:13:08,950.0,6.0,221.0
Jiangsu,Mainland China,2020-02-15 12:13:08,604.0,0.0,186.0
Shaanxi,Mainland China,2020-02-15 12:13:08,232.0,0.0,60.0
Gansu,Mainland China,2020-02-15 12:13:08,90.0,2.0,49.0
Jilin,Mainland China,2020-02-15 12:13:08,88.0,1.0,26.0
Hunan,Mainland China,2020-02-15 13:03:04,1001.0,2.0,425.0
Hebei,Mainland China,2020-02-15 13:03:04,291.0,3.0,101.0
Fujian,Mainland China,2020-02-15 13:03:04,285.0,0.0,71.0
Tianjin,Mainland China,2020-02-15 13:43:01,122.0,3.0,37.0
Guangdong,Mainland China,2020-02-15 14:03:04,1294.0,2.0,410.0
Inner Mongolia,Mainland China,2020-02-15 14:03:04,68.0,0.0,7.0
Guizhou,Mainland China,2020-02-15 14:53:04,143.0,1.0,41.0
Diamond Princess cruise ship,Others,2020-02-15 17:03:04,285.0,0.0,0.0
,Spain,2020-02-15 17:23:04,2.0,0.0,2.0
,Japan,2020-02-15 17:43:06,43.0,1.0,12.0
,France,2020-02-15 20:53:02,12.0,1.0,4.0
Hubei,Mainland China,2020-02-15 23:13:05,56249.0,1596.0,5623.0
Shanxi,Mainland China,2020-02-15 23:13:05,128.0,0.0,46.0
Chongqing,Mainland China,2020-02-15 23:23:07,544.0,5.0,184.0
,South Korea,2020-02-15 23:33:02,28.0,0.0,9.0
,Malaysia,2020-02-15 23:43:02,22.0,0.0,7.0
,Singapore,2020-02-15 23:53:02,72.0,0.0,18.0
,South Korea,2020-02-16 01:33:02,29.0,0.0,9.0
Shanghai,Mainland China,2020-02-16 02:53:02,328.0,1.0,140.0
Diamond Princess cruise ship,Others,2020-02-16 03:43:02,355.0,0.0,0.0
,India,2020-02-16 07:43:02,3.0,0.0,3.0
Anhui,Mainland China,2020-02-16 08:33:02,962.0,6.0,255.0
Xinjiang,Mainland China,2020-02-16 08:33:02,71.0,1.0,12.0
Inner Mongolia,Mainland China,2020-02-16 08:33:02,70.0,0.0,8.0
Guizhou,Mainland China,2020-02-16 09:13:09,144.0,1.0,46.0
Zhejiang,Mainland China,2020-02-16 09:33:02,1167.0,0.0,456.0
Jiangsu,Mainland China,2020-02-16 09:33:02,617.0,0.0,218.0
Hong Kong,Hong Kong,2020-02-16 09:53:01,57.0,1.0,2.0
Yunnan,Mainland China,2020-02-16 09:53:01,171.0,0.0,42.0
Jiangxi,Mainland China,2020-02-16 10:03:06,925.0,1.0,240.0
Sichuan,Mainland China,2020-02-16 10:03:06,481.0,3.0,131.0
Beijing,Mainland China,2020-02-16 10:03:06,380.0,4.0,108.0
Jilin,Mainland China,2020-02-16 10:03:06,89.0,1.0,30.0
Taiwan,Taiwan,2020-02-16 11:23:06,20.0,1.0,2.0
Macau,Macau,2020-02-16 12:03:06,10.0,0.0,5.0
Guangdong,Mainland China,2020-02-16 12:03:06,1316.0,2.0,465.0
Shandong,Mainland China,2020-02-16 12:03:06,537.0,2.0,173.0
Hebei,Mainland China,2020-02-16 12:03:06,300.0,3.0,105.0
Fujian,Mainland China,2020-02-16 12:03:06,287.0,0.0,82.0
Guangxi,Mainland China,2020-02-16 12:03:06,237.0,2.0,49.0
Hainan,Mainland China,2020-02-16 12:03:06,162.0,4.0,52.0
Liaoning,Mainland China,2020-02-16 12:03:06,121.0,1.0,40.0
Tianjin,Mainland China,2020-02-16 12:23:02,124.0,3.0,45.0
Hunan,Mainland China,2020-02-16 13:13:04,1004.0,3.0,464.0
Henan,Mainland China,2020-02-16 13:53:03,1231.0,13.0,440.0
Heilongjiang,Mainland China,2020-02-16 13:53:03,445.0,11.0,79.0
Shaanxi,Mainland China,2020-02-16 13:53:03,236.0,0.0,71.0
Gansu,Mainland China,2020-02-16 13:53:03,90.0,2.0,54.0
,Singapore,2020-02-16 16:23:06,75.0,0.0,18.0
,UK,2020-02-16 16:23:06,9.0,0.0,8.0
,Japan,2020-02-16 17:43:03,59.0,1.0,12.0
,Thailand,2020-02-16 18:03:02,34.0,0.0,14.0
,United Arab Emirates,2020-02-16 20:43:02,9.0,0.0,4.0
Hubei,Mainland China,2020-02-16 23:53:01,58182.0,1696.0,6639.0
Chongqing,Mainland China,2020-02-16 23:53:01,551.0,5.0,207.0
Shanxi,Mainland China,2020-02-16 23:53:01,129.0,0.0,50.0
Beijing,Mainland China,2020-02-17 01:23:02,381.0,4.0,114.0
Jiangxi,Mainland China,2020-02-17 01:33:02,930.0,1.0,275.0
Xinjiang,Mainland China,2020-02-17 01:53:01,75.0,1.0,12.0
Inner Mongolia,Mainland China,2020-02-17 02:03:06,72.0,0.0,8.0
,Belgium,2020-02-17 04:23:06,1.0,0.0,1.0
,Thailand,2020-02-17 07:33:02,35.0,0.0,15.0
Heilongjiang,Mainland China,2020-02-17 08:03:06,457.0,11.0,85.0
British Columbia,Canada,2020-02-17 08:03:07,5.0,0.0,0.0
South Australia,Australia,2020-02-17 08:13:09,2.0,0.0,2.0
Anhui,Mainland China,2020-02-17 09:13:07,973.0,6.0,280.0
Jiangsu,Mainland China,2020-02-17 10:23:04,626.0,0.0,258.0
Fujian,Mainland China,2020-02-17 10:23:04,290.0,0.0,90.0
Guangxi,Mainland China,2020-02-17 10:23:04,238.0,2.0,53.0
Yunnan,Mainland China,2020-02-17 10:23:04,171.0,0.0,47.0
Shandong,Mainland China,2020-02-17 11:03:06,541.0,2.0,191.0
Hainan,Mainland China,2020-02-17 11:03:06,163.0,4.0,59.0
Jilin,Mainland China,2020-02-17 11:03:06,89.0,1.0,34.0
Ningxia,Mainland China,2020-02-17 11:03:06,70.0,0.0,35.0
Guizhou,Mainland China,2020-02-17 11:13:16,146.0,1.0,57.0
Liaoning,Mainland China,2020-02-17 11:13:16,121.0,1.0,43.0
Zhejiang,Mainland China,2020-02-17 11:23:06,1171.0,0.0,507.0
Hunan,Mainland China,2020-02-17 11:43:01,1006.0,3.0,498.0
Shaanxi,Mainland China,2020-02-17 11:43:01,240.0,0.0,79.0
Guangdong,Mainland China,2020-02-17 12:43:02,1322.0,4.0,524.0
Tianjin,Mainland China,2020-02-17 12:43:02,125.0,3.0,46.0
Hebei,Mainland China,2020-02-17 13:03:06,301.0,3.0,122.0
Sichuan,Mainland China,2020-02-17 13:13:09,495.0,3.0,156.0
,Japan,2020-02-17 14:33:04,66.0,1.0,12.0
Diamond Princess cruise ship,Others,2020-02-17 14:33:04,454.0,0.0,0.0
,Singapore,2020-02-17 14:33:04,77.0,0.0,24.0
Henan,Mainland China,2020-02-17 14:53:02,1246.0,16.0,509.0
Gansu,Mainland China,2020-02-17 14:53:02,91.0,2.0,58.0
Taiwan,Taiwan,2020-02-17 15:43:02,22.0,1.0,2.0
Hong Kong,Hong Kong,2020-02-17 22:53:01,60.0,1.0,2.0
Shanxi,Mainland China,2020-02-17 22:53:01,130.0,0.0,53.0
Hubei,Mainland China,2020-02-17 23:13:06,59989.0,1789.0,7862.0
Chongqing,Mainland China,2020-02-17 23:13:06,553.0,5.0,225.0
,South Korea,2020-02-17 23:43:01,30.0,0.0,10.0
Shanghai,Mainland China,2020-02-17 23:53:02,333.0,1.0,161.0
Xinjiang,Mainland China,2020-02-18 01:03:15,76.0,1.0,12.0
Jiangxi,Mainland China,2020-02-18 01:33:01,933.0,1.0,310.0
Inner Mongolia,Mainland China,2020-02-18 02:03:06,73.0,0.0,8.0
Beijing,Mainland China,2020-02-18 02:13:06,387.0,4.0,122.0
,South Korea,2020-02-18 03:43:02,31.0,0.0,12.0
Shanghai,Mainland China,2020-02-18 05:03:08,333.0,1.0,177.0
Jilin,Mainland China,2020-02-18 07:43:02,89.0,1.0,36.0
Qinghai,Mainland China,2020-02-18 07:43:02,18.0,0.0,15.0
Fujian,Mainland China,2020-02-18 09:43:08,292.0,0.0,93.0
Yunnan,Mainland China,2020-02-18 09:43:08,172.0,0.0,57.0
Ningxia,Mainland China,2020-02-18 10:23:03,70.0,0.0,42.0
Hainan,Mainland China,2020-02-18 10:43:02,163.0,4.0,79.0
Heilongjiang,Mainland China,2020-02-18 11:03:12,464.0,11.0,111.0
Shandong,Mainland China,2020-02-18 12:13:08,543.0,3.0,211.0
Zhejiang,Mainland China,2020-02-18 12:23:02,1172.0,0.0,535.0
Jiangsu,Mainland China,2020-02-18 12:33:02,629.0,0.0,280.0
Sichuan,Mainland China,2020-02-18 12:33:02,508.0,3.0,169.0
Guangxi,Mainland China,2020-02-18 12:33:02,242.0,2.0,69.0
Liaoning,Mainland China,2020-02-18 12:53:02,121.0,1.0,53.0
Guizhou,Mainland China,2020-02-18 13:33:02,146.0,2.0,66.0
Guangdong,Mainland China,2020-02-18 13:43:02,1328.0,4.0,565.0
Hunan,Mainland China,2020-02-18 13:43:02,1007.0,4.0,527.0
Anhui,Mainland China,2020-02-18 13:43:02,982.0,6.0,361.0
Tianjin,Mainland China,2020-02-18 13:53:02,128.0,3.0,48.0
Henan,Mainland China,2020-02-18 14:23:02,1257.0,19.0,522.0
Shaanxi,Mainland China,2020-02-18 14:23:02,240.0,0.0,89.0
Gansu,Mainland China,2020-02-18 14:53:02,91.0,2.0,62.0
,Malaysia,2020-02-18 16:23:02,22.0,0.0,13.0
Diamond Princess cruise ship,Others,2020-02-18 16:53:03,542.0,0.0,0.0
,Singapore,2020-02-18 16:53:03,81.0,0.0,29.0
,Germany,2020-02-18 17:03:03,16.0,0.0,12.0
,Japan,2020-02-18 17:23:04,74.0,1.0,13.0
Hubei,Mainland China,2020-02-18 23:13:11,61682.0,1921.0,9128.0
Chongqing,Mainland China,2020-02-18 23:23:03,555.0,5.0,254.0
Shanxi,Mainland China,2020-02-18 23:23:03,131.0,0.0,61.0
Hong Kong,Hong Kong,2020-02-18 23:43:02,62.0,1.0,2.0
Hebei,Mainland China,2020-02-18 23:53:01,306.0,4.0,136.0
Jiangxi,Mainland China,2020-02-19 01:23:07,934.0,1.0,362.0
Liaoning,Mainland China,2020-02-19 01:23:07,121.0,1.0,55.0
Ningxia,Mainland China,2020-02-19 01:53:02,71.0,0.0,42.0
Shanghai,Mainland China,2020-02-19 04:43:02,333.0,2.0,186.0
Beijing,Mainland China,2020-02-19 04:53:02,393.0,4.0,145.0
Qinghai,Mainland China,2020-02-19 04:53:02,18.0,0.0,16.0
Jilin,Mainland China,2020-02-19 06:03:08,90.0,1.0,37.0
Xinjiang,Mainland China,2020-02-19 07:03:07,76.0,1.0,20.0
Taiwan,Taiwan,2020-02-19 07:53:02,23.0,1.0,2.0
Guangxi,Mainland China,2020-02-19 09:13:12,244.0,2.0,86.0
,Malaysia,2020-02-19 09:33:03,22.0,0.0,15.0
Guangdong,Mainland China,2020-02-19 10:23:02,1331.0,5.0,606.0
Shaanxi,Mainland China,2020-02-19 10:23:02,242.0,0.0,102.0
Guizhou,Mainland China,2020-02-19 10:53:02,146.0,2.0,70.0
Heilongjiang,Mainland China,2020-02-19 11:03:08,470.0,12.0,120.0
Inner Mongolia,Mainland China,2020-02-19 11:03:08,75.0,0.0,10.0
Zhejiang,Mainland China,2020-02-19 11:33:02,1174.0,0.0,604.0
Hunan,Mainland China,2020-02-19 11:33:02,1008.0,4.0,561.0
Fujian,Mainland China,2020-02-19 11:53:02,293.0,0.0,112.0
Shandong,Mainland China,2020-02-19 12:03:07,544.0,3.0,231.0
Hong Kong,Hong Kong,2020-02-19 12:13:08,63.0,2.0,5.0
Henan,Mainland China,2020-02-19 12:13:08,1262.0,19.0,573.0
Jiangsu,Mainland China,2020-02-19 12:13:08,631.0,0.0,318.0
Tianjin,Mainland China,2020-02-19 13:03:03,130.0,3.0,54.0
Hebei,Mainland China,2020-02-19 13:23:02,306.0,4.0,152.0
Sichuan,Mainland China,2020-02-19 13:53:02,514.0,3.0,188.0
Gansu,Mainland China,2020-02-19 13:53:02,91.0,2.0,65.0
Anhui,Mainland China,2020-02-19 14:13:03,986.0,6.0,413.0
,Japan,2020-02-19 20:33:02,84.0,1.0,18.0
Diamond Princess cruise ship,Others,2020-02-19 20:33:02,621.0,0.0,1.0
,Singapore,2020-02-19 22:13:08,84.0,0.0,34.0
Hubei,Mainland China,2020-02-19 23:23:02,62031.0,2029.0,10337.0
Chongqing,Mainland China,2020-02-19 23:23:02,560.0,5.0,274.0
Yunnan,Mainland China,2020-02-19 23:33:02,172.0,1.0,60.0
,Iran,2020-02-19 23:43:02,2.0,2.0,0.0
Hainan,Mainland China,2020-02-19 23:43:02,168.0,4.0,84.0
Shanxi,Mainland China,2020-02-19 23:53:02,131.0,0.0,68.0
Beijing,Mainland China,2020-02-20 01:43:01,395.0,4.0,153.0
Macau,Macau,2020-02-20 02:13:19,10.0,0.0,6.0
Taiwan,Taiwan,2020-02-20 02:13:19,24.0,1.0,2.0
Jiangxi,Mainland China,2020-02-20 05:23:02,934.0,1.0,433.0
Ningxia,Mainland China,2020-02-20 05:23:02,71.0,0.0,44.0
Shanghai,Mainland China,2020-02-20 06:03:03,334.0,2.0,199.0
Liaoning,Mainland China,2020-02-20 06:23:02,121.0,1.0,59.0
Heilongjiang,Mainland China,2020-02-20 09:43:01,476.0,12.0,136.0
Guangxi,Mainland China,2020-02-20 09:43:01,245.0,2.0,90.0
Guizhou,Mainland China,2020-02-20 09:43:01,146.0,2.0,72.0
Jilin,Mainland China,2020-02-20 09:43:01,91.0,1.0,43.0
Anhui,Mainland China,2020-02-20 09:53:02,987.0,6.0,474.0
Sichuan,Mainland China,2020-02-20 09:53:02,520.0,3.0,217.0
Shaanxi,Mainland China,2020-02-20 09:53:02,245.0,1.0,118.0
Hainan,Mainland China,2020-02-20 09:53:02,168.0,4.0,86.0
,South Korea,2020-02-20 09:53:02,104.0,1.0,16.0
Guangdong,Mainland China,2020-02-20 11:13:27,1332.0,5.0,642.0
Zhejiang,Mainland China,2020-02-20 11:13:27,1175.0,1.0,633.0
Hunan,Mainland China,2020-02-20 11:13:27,1010.0,4.0,634.0
Shandong,Mainland China,2020-02-20 11:13:27,546.0,4.0,254.0
Hebei,Mainland China,2020-02-20 11:13:27,307.0,5.0,169.0
Fujian,Mainland China,2020-02-20 12:23:02,293.0,1.0,126.0
Jiangsu,Mainland China,2020-02-20 12:53:02,631.0,0.0,356.0
Tianjin,Mainland China,2020-02-20 12:53:02,131.0,3.0,59.0
Inner Mongolia,Mainland China,2020-02-20 12:53:02,75.0,0.0,16.0
Xinjiang,Mainland China,2020-02-20 13:33:02,76.0,1.0,22.0
Henan,Mainland China,2020-02-20 13:53:06,1265.0,19.0,637.0
Gansu,Mainland China,2020-02-20 14:13:17,91.0,2.0,71.0
,Japan,2020-02-20 15:53:03,94.0,1.0,18.0
Diamond Princess cruise ship,Others,2020-02-20 15:53:03,634.0,2.0,1.0
,Iran,2020-02-20 17:33:02,5.0,2.0,0.0
Hong Kong,Hong Kong,2020-02-20 23:13:05,68.0,2.0,6.0
Chongqing,Mainland China,2020-02-20 23:13:05,567.0,6.0,299.0
Yunnan,Mainland China,2020-02-20 23:13:05,174.0,2.0,79.0
Shanxi,Mainland China,2020-02-20 23:13:05,132.0,0.0,76.0
Hubei,Mainland China,2020-02-20 23:43:02,62442.0,2144.0,11788.0
Beijing,Mainland China,2020-02-21 01:03:09,396.0,4.0,169.0
Jiangxi,Mainland China,2020-02-21 01:13:05,934.0,1.0,489.0
Liaoning,Mainland China,2020-02-21 01:33:02,121.0,1.0,61.0
Hong Kong,Hong Kong,2020-02-21 03:43:02,68.0,2.0,5.0
,Singapore,2020-02-21 03:43:02,85.0,0.0,37.0
Qinghai,Mainland China,2020-02-21 04:43:02,18.0,0.0,18.0
"Humboldt County, CA",US,2020-02-21 05:13:09,1.0,0.0,0.0
British Columbia,Canada,2020-02-21 05:23:04,6.0,0.0,0.0
"Toronto, ON",Canada,2020-02-21 05:23:04,2.0,0.0,2.0
"Santa Clara, CA",US,2020-02-21 05:23:04,2.0,0.0,1.0
Queensland,Australia,2020-02-21 05:43:02,5.0,0.0,1.0
"San Diego County, CA",US,2020-02-21 05:43:02,2.0,0.0,1.0
Shanghai,Mainland China,2020-02-21 05:53:01,334.0,2.0,211.0
,Vietnam,2020-02-21 06:03:04,16.0,0.0,14.0
Yunnan,Mainland China,2020-02-21 06:23:04,174.0,2.0,96.0
Ningxia,Mainland China,2020-02-21 06:23:04,71.0,0.0,48.0
Taiwan,Taiwan,2020-02-21 06:53:03,26.0,1.0,2.0
Inner Mongolia,Mainland China,2020-02-21 08:03:15,75.0,0.0,17.0
Guangdong,Mainland China,2020-02-21 10:13:09,1333.0,5.0,690.0
Anhui,Mainland China,2020-02-21 10:13:09,988.0,6.0,539.0
Hainan,Mainland China,2020-02-21 10:13:09,168.0,4.0,95.0
Jilin,Mainland China,2020-02-21 10:13:09,91.0,1.0,45.0
Zhejiang,Mainland China,2020-02-21 10:23:02,1203.0,1.0,679.0
Shandong,Mainland China,2020-02-21 10:23:02,749.0,4.0,281.0
Jiangsu,Mainland China,2020-02-21 11:43:01,631.0,0.0,373.0
Heilongjiang,Mainland China,2020-02-21 11:43:01,479.0,12.0,175.0
Fujian,Mainland China,2020-02-21 11:43:01,293.0,1.0,149.0
Guangxi,Mainland China,2020-02-21 11:43:01,246.0,2.0,97.0
Shaanxi,Mainland China,2020-02-21 11:43:01,245.0,1.0,134.0
Sichuan,Mainland China,2020-02-21 12:53:01,525.0,3.0,231.0
Hebei,Mainland China,2020-02-21 12:53:01,308.0,5.0,184.0
Guizhou,Mainland China,2020-02-21 12:53:01,146.0,2.0,77.0
Tianjin,Mainland China,2020-02-21 12:53:01,132.0,3.0,62.0
Hubei,Mainland China,2020-02-21 13:03:09,62662.0,2144.0,11881.0
Henan,Mainland China,2020-02-21 13:43:02,1267.0,19.0,736.0
Xinjiang,Mainland China,2020-02-21 13:43:02,76.0,1.0,24.0
,South Korea,2020-02-21 13:43:02,204.0,2.0,16.0
Hunan,Mainland China,2020-02-21 15:13:07,1011.0,4.0,661.0
Gansu,Mainland China,2020-02-21 15:13:07,91.0,2.0,76.0
From Diamond Princess,Israel,2020-02-21 15:33:03,1.0,0.0,0.0
None,Lebanon,2020-02-21 15:33:03,1.0,0.0,0.0
,Egypt,2020-02-21 18:53:02,1.0,0.0,0.0
,Iran,2020-02-21 18:53:02,18.0,4.0,0.0
,Thailand,2020-02-21 18:53:02,35.0,0.0,17.0
,Japan,2020-02-21 19:03:06,105.0,1.0,22.0
From Diamond Princess,Australia,2020-02-21 23:03:13,4.0,0.0,0.0
,Germany,2020-02-21 23:03:13,16.0,0.0,14.0
Chongqing,Mainland China,2020-02-21 23:13:14,572.0,6.0,316.0
"Sacramento County, CA",US,2020-02-21 23:13:16,1.0,0.0,0.0
"Ashland, NE",US,2020-02-21 23:23:06,11.0,0.0,0.0
"Travis, CA",US,2020-02-21 23:23:06,5.0,0.0,0.0
"Lackland, TX",US,2020-02-21 23:23:06,2.0,0.0,0.0
,Italy,2020-02-21 23:33:06,20.0,1.0,0.0
Shanxi,Mainland China,2020-02-21 23:33:06,132.0,0.0,78.0
Guizhou,Mainland China,2020-02-22 01:03:10,146.0,2.0,90.0
Beijing,Mainland China,2020-02-22 02:23:05,399.0,4.0,178.0
Liaoning,Mainland China,2020-02-22 02:23:05,121.0,1.0,66.0
Yunnan,Mainland China,2020-02-22 04:43:02,174.0,2.0,107.0
Guangxi,Mainland China,2020-02-22 05:53:02,249.0,2.0,104.0
Jiangxi,Mainland China,2020-02-22 06:13:05,934.0,1.0,555.0
Shanghai,Mainland China,2020-02-22 06:33:17,335.0,3.0,227.0
Anhui,Mainland China,2020-02-22 07:43:03,989.0,6.0,597.0
Jiangsu,Mainland China,2020-02-22 07:43:03,631.0,0.0,401.0
,South Korea,2020-02-22 08:33:02,433.0,2.0,16.0
Shandong,Mainland China,2020-02-22 09:43:02,750.0,4.0,302.0
Shaanxi,Mainland China,2020-02-22 09:53:02,245.0,1.0,149.0
Hainan,Mainland China,2020-02-22 09:53:02,168.0,4.0,104.0
Guangdong,Mainland China,2020-02-22 10:03:04,1339.0,5.0,728.0
Hunan,Mainland China,2020-02-22 10:03:04,1013.0,4.0,692.0
,Iran,2020-02-22 10:03:05,28.0,5.0,0.0
Zhejiang,Mainland China,2020-02-22 11:13:13,1205.0,1.0,719.0
Heilongjiang,Mainland China,2020-02-22 11:13:13,479.0,12.0,204.0
Xinjiang,Mainland China,2020-02-22 11:13:14,76.0,2.0,25.0
Hebei,Mainland China,2020-02-22 12:33:04,309.0,6.0,203.0
Tianjin,Mainland China,2020-02-22 12:33:04,135.0,3.0,65.0
Jilin,Mainland China,2020-02-22 12:33:04,91.0,1.0,52.0
Sichuan,Mainland China,2020-02-22 13:03:03,526.0,3.0,250.0
Hong Kong,Hong Kong,2020-02-22 13:23:05,69.0,2.0,6.0
Fujian,Mainland China,2020-02-22 14:03:04,293.0,1.0,162.0
Henan,Mainland China,2020-02-22 14:13:38,1270.0,19.0,830.0
,Japan,2020-02-22 14:53:02,122.0,1.0,22.0
,United Arab Emirates,2020-02-22 14:53:02,13.0,0.0,4.0
From Diamond Princess,Australia,2020-02-22 17:03:05,7.0,0.0,0.0
"Travis, CA (From Diamond Princess)",US,2020-02-22 17:13:24,5.0,0.0,0.0
"Lackland, TX (From Diamond Princess)",US,2020-02-22 17:13:24,2.0,0.0,0.0
From Diamond Princess,Israel,2020-02-22 20:53:02,1.0,0.0,0.0
,Lebanon,2020-02-22 20:53:02,1.0,0.0,0.0
"Omaha, NE (From Diamond Princess)",US,2020-02-22 23:03:09,11.0,0.0,0.0
Chongqing,Mainland China,2020-02-22 23:23:05,573.0,6.0,328.0
Shanxi,Mainland China,2020-02-22 23:23:05,132.0,0.0,81.0
Hubei,Mainland China,2020-02-22 23:33:06,64084.0,2346.0,15299.0
,Italy,2020-02-22 23:43:02,62.0,2.0,1.0
Inner Mongolia,Mainland China,2020-02-22 23:53:01,75.0,0.0,26.0
Beijing,Mainland China,2020-02-23 01:13:13,399.0,4.0,189.0
Shanghai,Mainland China,2020-02-23 03:13:07,335.0,3.0,249.0
Yunnan,Mainland China,2020-02-23 05:33:03,174.0,2.0,115.0
Ningxia,Mainland China,2020-02-23 05:33:03,71.0,0.0,56.0
Guangdong,Mainland China,2020-02-23 08:53:02,1342.0,6.0,755.0
Jiangsu,Mainland China,2020-02-23 08:53:02,631.0,0.0,418.0
Sichuan,Mainland China,2020-02-23 08:53:02,526.0,3.0,261.0
Jiangxi,Mainland China,2020-02-23 09:23:02,934.0,1.0,613.0
Inner Mongolia,Mainland China,2020-02-23 09:43:02,75.0,0.0,27.0
Hong Kong,Hong Kong,2020-02-23 09:53:02,74.0,2.0,11.0
Taiwan,Taiwan,2020-02-23 09:53:02,28.0,1.0,2.0
Henan,Mainland China,2020-02-23 10:23:02,1271.0,19.0,868.0
Hunan,Mainland China,2020-02-23 10:33:03,1016.0,4.0,714.0
Fujian,Mainland China,2020-02-23 10:33:03,293.0,1.0,170.0
Guangxi,Mainland China,2020-02-23 10:33:03,249.0,2.0,106.0
Anhui,Mainland China,2020-02-23 10:53:02,989.0,6.0,637.0
Hubei,Mainland China,2020-02-23 11:33:03,64084.0,2346.0,15343.0
Shandong,Mainland China,2020-02-23 11:33:03,754.0,4.0,321.0
Hebei,Mainland China,2020-02-23 11:33:03,311.0,6.0,219.0
Shaanxi,Mainland China,2020-02-23 12:13:14,245.0,1.0,163.0
Guizhou,Mainland China,2020-02-23 12:43:02,146.0,2.0,102.0
Tianjin,Mainland China,2020-02-23 12:43:02,135.0,3.0,81.0
Jilin,Mainland China,2020-02-23 12:43:02,91.0,1.0,54.0
Gansu,Mainland China,2020-02-23 13:23:06,91.0,2.0,78.0
Liaoning,Mainland China,2020-02-23 13:33:02,121.0,1.0,73.0
Zhejiang,Mainland China,2020-02-23 13:43:02,1205.0,1.0,760.0
Heilongjiang,Mainland China,2020-02-23 13:43:02,480.0,12.0,222.0
Xinjiang,Mainland China,2020-02-23 14:43:04,76.0,2.0,28.0
,Thailand,2020-02-23 15:03:05,35.0,0.0,21.0
,Iran,2020-02-23 15:13:15,43.0,8.0,0.0
,Singapore,2020-02-23 15:13:15,89.0,0.0,51.0
None,Iraq,2020-02-23 18:23:06,0.0,0.0,0.0
Diamond Princess cruise ship,Others,2020-02-23 22:33:03,691.0,3.0,0.0
Shanxi,Mainland China,2020-02-23 23:03:08,132.0,0.0,88.0
Chongqing,Mainland China,2020-02-23 23:13:05,575.0,6.0,335.0
Hainan,Mainland China,2020-02-23 23:23:03,168.0,5.0,106.0
,Japan,2020-02-23 23:33:07,147.0,1.0,22.0
,South Korea,2020-02-23 23:33:07,602.0,6.0,18.0
,Italy,2020-02-23 23:43:02,155.0,3.0,2.0
Beijing,Mainland China,2020-02-24 00:53:02,399.0,4.0,198.0
Jiangxi,Mainland China,2020-02-24 01:23:09,934.0,1.0,645.0
Guangxi,Mainland China,2020-02-24 06:53:02,251.0,2.0,112.0
Liaoning,Mainland China,2020-02-24 06:53:02,121.0,1.0,80.0
Ningxia,Mainland China,2020-02-24 06:53:02,71.0,0.0,58.0
Shanghai,Mainland China,2020-02-24 07:03:06,335.0,3.0,261.0
,UK,2020-02-24 08:33:02,13.0,0.0,8.0
Zhejiang,Mainland China,2020-02-24 09:43:02,1205.0,1.0,782.0
Anhui,Mainland China,2020-02-24 09:43:02,989.0,6.0,663.0
Jilin,Mainland China,2020-02-24 09:43:02,93.0,1.0,60.0
Taiwan,Taiwan,2020-02-24 10:13:28,30.0,1.0,5.0
Guangdong,Mainland China,2020-02-24 10:23:02,1345.0,6.0,786.0
Shandong,Mainland China,2020-02-24 10:23:02,755.0,5.0,343.0
Fujian,Mainland China,2020-02-24 10:23:02,293.0,1.0,183.0
Hubei,Mainland China,2020-02-24 11:13:09,64287.0,2495.0,16748.0
,Iran,2020-02-24 11:13:10,61.0,12.0,0.0
,South Korea,2020-02-24 11:13:10,833.0,8.0,18.0
Hong Kong,Hong Kong,2020-02-24 11:23:06,79.0,2.0,19.0
,Malaysia,2020-02-24 11:53:02,22.0,0.0,18.0
Henan,Mainland China,2020-02-24 13:23:05,1271.0,19.0,943.0
Hunan,Mainland China,2020-02-24 14:13:11,1016.0,4.0,731.0
Sichuan,Mainland China,2020-02-24 14:13:11,527.0,3.0,276.0
Hebei,Mainland China,2020-02-24 14:13:11,311.0,6.0,234.0
,Japan,2020-02-24 14:23:03,159.0,1.0,22.0
"Toronto, ON",Canada,2020-02-24 14:43:03,3.0,0.0,2.0
Jiangsu,Mainland China,2020-02-24 14:53:02,631.0,0.0,452.0
Heilongjiang,Mainland China,2020-02-24 14:53:02,480.0,12.0,227.0
Shaanxi,Mainland China,2020-02-24 14:53:02,245.0,1.0,173.0
Hainan,Mainland China,2020-02-24 14:53:02,168.0,5.0,116.0
Tianjin,Mainland China,2020-02-24 15:03:05,135.0,3.0,87.0
Xinjiang,Mainland China,2020-02-24 15:03:05,76.0,2.0,30.0
Inner Mongolia,Mainland China,2020-02-24 15:03:05,75.0,0.0,34.0
Gansu,Mainland China,2020-02-24 15:13:07,91.0,2.0,80.0
Yunnan,Mainland China,2020-02-24 23:13:02,174.0,2.0,124.0
Shanxi,Mainland China,2020-02-24 23:13:02,133.0,0.0,94.0
Chongqing,Mainland China,2020-02-24 23:23:01,576.0,6.0,349.0
,Afghanistan,2020-02-24 23:33:02,1.0,0.0,0.0
,Bahrain,2020-02-24 23:33:02,1.0,0.0,0.0
,Iraq,2020-02-24 23:33:02,1.0,0.0,0.0
,Kuwait,2020-02-24 23:33:02,1.0,0.0,0.0
Unassigned Location (From Diamond Princess),US,2020-02-24 23:33:02,36.0,0.0,0.0
"Lackland, TX (From Diamond Princess)",US,2020-02-24 23:33:02,0.0,0.0,0.0
"Omaha, NE (From Diamond Princess)",US,2020-02-24 23:33:02,0.0,0.0,0.0
"Travis, CA (From Diamond Princess)",US,2020-02-24 23:33:02,0.0,0.0,0.0
,Italy,2020-02-24 23:43:01,229.0,7.0,1.0
,Oman,2020-02-24 23:43:01,2.0,0.0,0.0
Liaoning,Mainland China,2020-02-25 00:23:03,121.0,1.0,83.0
Jiangsu,Mainland China,2020-02-25 00:53:02,631.0,0.0,458.0
,Oman,2020-02-25 01:13:09,2.0,0.0,0.0
Beijing,Mainland China,2020-02-25 01:33:02,400.0,4.0,215.0
British Columbia,Canada,2020-02-25 02:23:05,7.0,0.0,0.0
Ningxia,Mainland China,2020-02-25 03:53:02,71.0,0.0,61.0
Yunnan,Mainland China,2020-02-25 04:53:02,174.0,2.0,129.0
Anhui,Mainland China,2020-02-25 06:33:02,989.0,6.0,712.0
Shanghai,Mainland China,2020-02-25 06:33:02,336.0,3.0,268.0
Taiwan,Taiwan,2020-02-25 06:53:02,31.0,1.0,5.0
Guizhou,Mainland China,2020-02-25 08:03:07,146.0,2.0,104.0
,South Korea,2020-02-25 08:13:19,977.0,10.0,22.0
Guangdong,Mainland China,2020-02-25 08:53:02,1347.0,7.0,822.0
,Thailand,2020-02-25 08:53:02,37.0,0.0,22.0
,Vietnam,2020-02-25 08:53:02,16.0,0.0,16.0
Zhejiang,Mainland China,2020-02-25 09:13:05,1205.0,1.0,808.0
Hong Kong,Hong Kong,2020-02-25 09:43:02,84.0,2.0,19.0
Fujian,Mainland China,2020-02-25 10:03:07,294.0,1.0,199.0
Guangxi,Mainland China,2020-02-25 10:03:07,252.0,2.0,134.0
Henan,Mainland China,2020-02-25 12:43:02,1271.0,19.0,1002.0
Hebei,Mainland China,2020-02-25 12:43:02,311.0,6.0,248.0
Shandong,Mainland China,2020-02-25 12:53:02,756.0,6.0,355.0
Hainan,Mainland China,2020-02-25 12:53:02,168.0,5.0,124.0
,Iran,2020-02-25 14:53:03,95.0,16.0,0.0
,Japan,2020-02-25 14:53:03,170.0,1.0,22.0
Hunan,Mainland China,2020-02-25 15:03:05,1016.0,4.0,768.0
Jiangxi,Mainland China,2020-02-25 15:03:05,934.0,1.0,683.0
Sichuan,Mainland China,2020-02-25 15:03:05,529.0,3.0,289.0
Macau,Macau,2020-02-25 15:23:04,10.0,0.0,7.0
Hubei,Mainland China,2020-02-25 15:23:04,64786.0,2563.0,18971.0
Heilongjiang,Mainland China,2020-02-25 15:23:04,480.0,12.0,243.0
Shaanxi,Mainland China,2020-02-25 15:23:04,245.0,1.0,186.0
Tianjin,Mainland China,2020-02-25 15:23:04,135.0,3.0,91.0
Jilin,Mainland China,2020-02-25 15:23:04,93.0,1.0,63.0
None,Austria,2020-02-25 18:55:32,2.0,0.0,0.0
,Bahrain,2020-02-25 18:55:32,23.0,0.0,0.0
,Croatia,2020-02-25 18:55:32,1.0,0.0,0.0
,Italy,2020-02-25 18:55:32,322.0,10.0,1.0
,Singapore,2020-02-25 18:55:32,91.0,0.0,53.0
,Switzerland,2020-02-25 19:13:21,1.0,0.0,0.0
,France,2020-02-25 21:23:03,14.0,1.0,11.0
Unassigned Location (From Diamond Princess),US,2020-02-25 21:23:03,36.0,0.0,0.0
"Tempe, AZ",US,2020-02-25 21:23:03,1.0,0.0,1.0
,Germany,2020-02-25 21:33:02,17.0,0.0,14.0
,Spain,2020-02-25 21:33:02,6.0,0.0,2.0
Shanxi,Mainland China,2020-02-25 23:13:03,133.0,0.0,98.0
Chongqing,Mainland China,2020-02-25 23:23:03,576.0,6.0,372.0
,Algeria,2020-02-25 23:43:03,1.0,0.0,0.0
,Kuwait,2020-02-25 23:43:03,11.0,0.0,0.0
Inner Mongolia,Mainland China,2020-02-25 23:53:02,75.0,0.0,35.0
Liaoning,Mainland China,2020-02-26 00:13:05,121.0,1.0,88.0
,Austria,2020-02-26 00:13:06,2.0,0.0,0.0
Beijing,Mainland China,2020-02-26 00:53:02,400.0,4.0,235.0
Jiangxi,Mainland China,2020-02-26 01:13:04,934.0,1.0,719.0
Ningxia,Mainland China,2020-02-26 03:53:01,71.0,0.0,65.0
,Iraq,2020-02-26 04:53:02,5.0,0.0,0.0
,Oman,2020-02-26 04:53:02,4.0,0.0,0.0
Yunnan,Mainland China,2020-02-26 05:13:16,174.0,2.0,144.0
,Thailand,2020-02-26 07:23:03,40.0,0.0,22.0
Hunan,Mainland China,2020-02-26 10:13:11,1016.0,4.0,783.0
Anhui,Mainland China,2020-02-26 10:13:11,989.0,6.0,744.0
Jiangsu,Mainland China,2020-02-26 10:13:11,631.0,0.0,478.0
Sichuan,Mainland China,2020-02-26 10:13:11,531.0,3.0,307.0
Guangdong,Mainland China,2020-02-26 10:33:02,1347.0,7.0,851.0
Henan,Mainland China,2020-02-26 10:33:02,1271.0,19.0,1033.0
Zhejiang,Mainland China,2020-02-26 10:33:02,1205.0,1.0,867.0
Heilongjiang,Mainland China,2020-02-26 10:33:02,480.0,12.0,249.0
Hebei,Mainland China,2020-02-26 10:33:02,312.0,6.0,261.0
Fujian,Mainland China,2020-02-26 10:33:02,294.0,1.0,218.0
,South Korea,2020-02-26 11:03:11,1261.0,12.0,22.0
Taiwan,Taiwan,2020-02-26 12:23:04,32.0,1.0,5.0
Shandong,Mainland China,2020-02-26 12:43:02,756.0,6.0,377.0
Hainan,Mainland China,2020-02-26 12:43:02,168.0,5.0,129.0
Tianjin,Mainland China,2020-02-26 12:43:02,135.0,3.0,96.0
Hubei,Mainland China,2020-02-26 14:13:10,65187.0,2615.0,20969.0
Guangxi,Mainland China,2020-02-26 14:13:10,252.0,2.0,147.0
Shaanxi,Mainland China,2020-02-26 14:13:10,245.0,1.0,192.0
Shanxi,Mainland China,2020-02-26 14:13:10,133.0,0.0,104.0
Jilin,Mainland China,2020-02-26 14:13:10,93.0,1.0,65.0
Gansu,Mainland China,2020-02-26 14:13:10,91.0,2.0,81.0
Xinjiang,Mainland China,2020-02-26 14:23:03,76.0,2.0,34.0
Inner Mongolia,Mainland China,2020-02-26 15:03:05,75.0,0.0,38.0
,Greece,2020-02-26 15:53:05,1.0,0.0,0.0
,Sweden,2020-02-26 18:53:02,2.0,0.0,0.0
,Finland,2020-02-26 19:03:08,2.0,0.0,1.0
,Georgia,2020-02-26 19:03:08,1.0,0.0,0.0
,North Macedonia,2020-02-26 19:03:08,1.0,0.0,0.0
,Kuwait,2020-02-26 19:23:04,26.0,0.0,0.0
,Lebanon,2020-02-26 19:33:02,2.0,0.0,0.0
Diamond Princess cruise ship,Others,2020-02-26 19:33:02,705.0,4.0,10.0
,Singapore,2020-02-26 19:33:02,93.0,0.0,62.0
,Croatia,2020-02-26 20:03:06,3.0,0.0,0.0
,France,2020-02-26 20:03:06,18.0,2.0,11.0
Unassigned Location (From Diamond Princess),US,2020-02-26 20:03:06,42.0,0.0,0.0
,Norway,2020-02-26 20:23:12,1.0,0.0,0.0
,Israel,2020-02-26 20:33:02,2.0,0.0,0.0
,Spain,2020-02-26 20:43:02,13.0,0.0,2.0
,Bahrain,2020-02-26 21:03:07,33.0,0.0,0.0
Hong Kong,Hong Kong,2020-02-26 23:43:02,91.0,2.0,24.0
Chongqing,Mainland China,2020-02-26 23:43:02,576.0,6.0,384.0
,Germany,2020-02-26 23:43:03,27.0,0.0,15.0
,Iran,2020-02-26 23:43:03,139.0,19.0,49.0
,Italy,2020-02-26 23:43:03,453.0,12.0,3.0
,Japan,2020-02-26 23:43:03,189.0,2.0,22.0
,Romania,2020-02-26 23:43:03,1.0,0.0,0.0
Shanghai,Mainland China,2020-02-26 23:53:01,337.0,3.0,272.0
,Brazil,2020-02-26 23:53:02,1.0,0.0,0.0
,Pakistan,2020-02-26 23:53:02,2.0,0.0,0.0
Guizhou,Mainland China,2020-02-27 00:43:02,146.0,2.0,112.0
Jiangxi,Mainland China,2020-02-27 01:43:02,934.0,1.0,754.0
Beijing,Mainland China,2020-02-27 02:23:13,410.0,5.0,248.0
From Diamond Princess,Australia,2020-02-27 03:33:06,8.0,0.0,0.0
British Columbia,Canada,2020-02-27 03:33:06,7.0,0.0,3.0
Shanghai,Mainland China,2020-02-27 04:03:12,337.0,3.0,276.0
Hong Kong,Hong Kong,2020-02-27 09:53:02,92.0,2.0,24.0
Guangdong,Mainland China,2020-02-27 09:53:02,1347.0,7.0,890.0
Fujian,Mainland China,2020-02-27 10:03:07,296.0,1.0,228.0
Guangxi,Mainland China,2020-02-27 10:03:07,252.0,2.0,161.0
Yunnan,Mainland China,2020-02-27 10:03:07,174.0,2.0,150.0
Hainan,Mainland China,2020-02-27 10:03:07,168.0,5.0,131.0
Ningxia,Mainland China,2020-02-27 10:03:07,72.0,0.0,68.0
,Iran,2020-02-27 12:03:04,245.0,26.0,49.0
,South Korea,2020-02-27 12:03:04,1766.0,13.0,22.0
Hubei,Mainland China,2020-02-27 12:13:14,65596.0,2641.0,23383.0
Macau,Macau,2020-02-27 12:43:02,10.0,0.0,8.0
Zhejiang,Mainland China,2020-02-27 12:43:02,1205.0,1.0,932.0
Hunan,Mainland China,2020-02-27 12:43:02,1017.0,4.0,804.0
Sichuan,Mainland China,2020-02-27 12:43:02,534.0,3.0,321.0
Heilongjiang,Mainland China,2020-02-27 12:43:02,480.0,13.0,270.0
Hebei,Mainland China,2020-02-27 12:43:02,317.0,6.0,274.0
Shaanxi,Mainland China,2020-02-27 12:43:02,245.0,1.0,195.0
Jilin,Mainland China,2020-02-27 12:43:02,93.0,1.0,67.0
Xinjiang,Mainland China,2020-02-27 12:43:02,76.0,2.0,43.0
,Spain,2020-02-27 13:23:02,15.0,0.0,2.0
,UK,2020-02-27 13:23:02,15.0,0.0,8.0
,Kuwait,2020-02-27 13:33:03,43.0,0.0,0.0
,Austria,2020-02-27 14:03:03,3.0,0.0,0.0
,Greece,2020-02-27 14:03:03,3.0,0.0,0.0
,Israel,2020-02-27 14:03:03,3.0,0.0,1.0
Anhui,Mainland China,2020-02-27 14:13:06,989.0,6.0,792.0
Shandong,Mainland China,2020-02-27 14:13:06,756.0,6.0,387.0
Jiangsu,Mainland China,2020-02-27 14:13:06,631.0,0.0,498.0
Liaoning,Mainland China,2020-02-27 14:13:06,121.0,1.0,93.0
Henan,Mainland China,2020-02-27 15:03:11,1272.0,20.0,1068.0
,Malaysia,2020-02-27 15:13:13,23.0,0.0,18.0
,Denmark,2020-02-27 16:23:03,1.0,0.0,0.0
,Estonia,2020-02-27 16:23:03,1.0,0.0,0.0
,Georgia,2020-02-27 16:23:03,1.0,0.0,0.0
,North Macedonia,2020-02-27 16:23:03,1.0,0.0,0.0
,Norway,2020-02-27 16:23:03,1.0,0.0,0.0
,Romania,2020-02-27 16:23:03,1.0,0.0,0.0
,Sweden,2020-02-27 20:33:02,7.0,0.0,0.0
"Sacramento County, CA",US,2020-02-27 20:33:02,2.0,0.0,0.0
,Netherlands,2020-02-27 21:13:10,1.0,0.0,0.0
,San Marino,2020-02-27 21:13:10,1.0,0.0,0.0
,France,2020-02-27 22:13:10,38.0,2.0,11.0
,Iraq,2020-02-27 22:23:11,7.0,0.0,0.0
"Toronto, ON",Canada,2020-02-27 22:43:02,5.0,0.0,2.0
,Switzerland,2020-02-27 23:03:11,8.0,0.0,0.0
,Germany,2020-02-27 23:13:04,46.0,0.0,16.0
Tianjin,Mainland China,2020-02-27 23:13:04,136.0,3.0,102.0
Shanxi,Mainland China,2020-02-27 23:13:04,133.0,0.0,107.0
,Italy,2020-02-27 23:23:02,655.0,17.0,45.0
Chongqing,Mainland China,2020-02-27 23:23:02,576.0,6.0,401.0
,Japan,2020-02-27 23:33:02,214.0,4.0,22.0
Inner Mongolia,Mainland China,2020-02-27 23:33:02,75.0,0.0,43.0
,Germany,2020-02-28 00:13:18,48.0,0.0,16.0
Hubei,Mainland China,2020-02-28 00:43:01,65914.0,2682.0,26403.0
Jiangxi,Mainland China,2020-02-28 01:13:11,935.0,1.0,790.0
,Netherlands,2020-02-28 01:23:03,1.0,0.0,0.0
Beijing,Mainland China,2020-02-28 02:23:05,410.0,7.0,257.0
Gansu,Mainland China,2020-02-28 02:33:02,91.0,2.0,82.0
,Egypt,2020-02-28 04:13:09,1.0,0.0,1.0
,United Arab Emirates,2020-02-28 04:13:09,19.0,0.0,5.0
Anhui,Mainland China,2020-02-28 04:43:02,990.0,6.0,821.0
Heilongjiang,Mainland China,2020-02-28 04:43:02,480.0,13.0,283.0
Shanghai,Mainland China,2020-02-28 04:53:03,337.0,3.0,279.0
Yunnan,Mainland China,2020-02-28 05:03:09,174.0,2.0,156.0
" Montreal, QC",Canada,2020-02-28 05:23:07,1.0,0.0,0.0
,North Ireland,2020-02-28 05:43:02,1.0,0.0,0.0
Taiwan,Taiwan,2020-02-28 07:13:08,34.0,1.0,6.0
Inner Mongolia,Mainland China,2020-02-28 07:23:03,75.0,0.0,45.0
Xinjiang,Mainland China,2020-02-28 07:43:02,76.0,3.0,52.0
,Thailand,2020-02-28 07:53:02,41.0,0.0,28.0
Guangdong,Mainland China,2020-02-28 08:53:03,1348.0,7.0,935.0
Jiangsu,Mainland China,2020-02-28 08:53:03,631.0,0.0,515.0
Hebei,Mainland China,2020-02-28 08:53:03,318.0,6.0,277.0
Shaanxi,Mainland China,2020-02-28 08:53:03,245.0,1.0,199.0
Hainan,Mainland China,2020-02-28 08:53:03,168.0,5.0,133.0
Jilin,Mainland China,2020-02-28 08:53:03,93.0,1.0,73.0
,South Korea,2020-02-28 08:53:03,2337.0,13.0,22.0
Hunan,Mainland China,2020-02-28 09:13:10,1017.0,4.0,830.0
Fujian,Mainland China,2020-02-28 09:13:10,296.0,1.0,235.0
Guangxi,Mainland China,2020-02-28 09:13:10,252.0,2.0,168.0
Henan,Mainland China,2020-02-28 09:23:02,1272.0,20.0,1112.0
Shandong,Mainland China,2020-02-28 09:23:02,756.0,6.0,405.0
Sichuan,Mainland China,2020-02-28 09:23:02,538.0,3.0,338.0
Hong Kong,Hong Kong,2020-02-28 10:03:12,94.0,2.0,30.0
Zhejiang,Mainland China,2020-02-28 10:03:12,1205.0,1.0,975.0
,Japan,2020-02-28 12:43:02,228.0,4.0,22.0
, Azerbaijan,2020-02-28 15:03:26,1.0,0.0,0.0
,Mexico,2020-02-28 15:03:26,1.0,0.0,0.0
,Bahrain,2020-02-28 15:33:03,36.0,0.0,0.0
,Greece,2020-02-28 15:33:03,4.0,0.0,0.0
,Iceland,2020-02-28 15:33:03,1.0,0.0,0.0
,Romania,2020-02-28 15:33:03,3.0,0.0,0.0
,Spain,2020-02-28 15:33:03,32.0,0.0,2.0
,Croatia,2020-02-28 15:43:03,5.0,0.0,0.0
,Iran,2020-02-28 15:43:03,388.0,34.0,73.0
,Israel,2020-02-28 15:53:03,4.0,0.0,1.0
,Belarus,2020-02-28 16:23:03,1.0,0.0,0.0
,Kuwait,2020-02-28 16:23:03,45.0,0.0,0.0
,Lithuania,2020-02-28 16:23:03,1.0,0.0,0.0
,New Zealand,2020-02-28 16:23:03,1.0,0.0,0.0
,Nigeria,2020-02-28 16:23:03,1.0,0.0,0.0
Unassigned Location (From Diamond Princess),US,2020-02-28 20:03:03,44.0,0.0,0.0
,France,2020-02-28 20:13:09,57.0,2.0,11.0
,Italy,2020-02-28 20:13:09,888.0,21.0,46.0
,UK,2020-02-28 20:13:09,20.0,0.0,8.0
Diamond Princess cruise ship,Others,2020-02-28 20:53:02,705.0,6.0,10.0
,Norway,2020-02-28 21:03:02,6.0,0.0,0.0
"Boston, MA",US,2020-02-28 21:13:12,1.0,0.0,1.0
Chongqing,Mainland China,2020-02-28 23:23:03,576.0,6.0,422.0
Shanxi,Mainland China,2020-02-28 23:23:03,133.0,0.0,112.0
,Iceland,2020-02-29 00:33:01,1.0,0.0,0.0
,Monaco,2020-02-29 00:33:01,1.0,0.0,0.0
Jiangxi,Mainland China,2020-02-29 01:23:07,935.0,1.0,811.0
"Santa Clara, CA",US,2020-02-29 01:33:03,3.0,0.0,1.0
Diamond Princess cruise ship,Others,2020-02-29 01:43:02,705.0,6.0,10.0
,Israel,2020-02-29 01:53:03,7.0,0.0,1.0
,Lebanon,2020-02-29 01:53:03,4.0,0.0,0.0
Queensland,Australia,2020-02-29 02:03:10,9.0,0.0,1.0
Victoria,Australia,2020-02-29 02:03:10,7.0,0.0,4.0
South Australia,Australia,2020-02-29 02:03:10,3.0,0.0,2.0
From Diamond Princess,Australia,2020-02-29 02:03:10,0.0,0.0,0.0
"Portland, OR",US,2020-02-29 02:23:11,1.0,0.0,0.0
Beijing,Mainland China,2020-02-29 03:33:02,411.0,8.0,271.0
,Malaysia,2020-02-29 04:03:18,25.0,0.0,18.0
Anhui,Mainland China,2020-02-29 05:03:13,990.0,6.0,868.0
Yunnan,Mainland China,2020-02-29 05:03:13,174.0,2.0,157.0
,Finland,2020-02-29 05:23:03,3.0,0.0,1.0
Ningxia,Mainland China,2020-02-29 05:53:02,73.0,0.0,69.0
Shanghai,Mainland China,2020-02-29 06:23:03,337.0,3.0,287.0
Taiwan,Taiwan,2020-02-29 07:13:05,39.0,1.0,9.0
Jiangsu,Mainland China,2020-02-29 07:23:11,631.0,0.0,523.0
Shaanxi,Mainland China,2020-02-29 09:03:06,245.0,1.0,207.0
Inner Mongolia,Mainland China,2020-02-29 09:03:06,75.0,0.0,49.0
Zhejiang,Mainland China,2020-02-29 09:13:10,1205.0,1.0,1016.0
Jilin,Mainland China,2020-02-29 09:13:10,93.0,1.0,75.0
Sichuan,Mainland China,2020-02-29 12:03:07,538.0,3.0,351.0
Heilongjiang,Mainland China,2020-02-29 12:03:07,480.0,13.0,301.0
Guangxi,Mainland China,2020-02-29 12:03:07,252.0,2.0,176.0
Tianjin,Mainland China,2020-02-29 12:03:07,136.0,3.0,109.0
Xinjiang,Mainland China,2020-02-29 12:03:07,76.0,3.0,62.0
Hubei,Mainland China,2020-02-29 12:13:10,66337.0,2727.0,28993.0
,Oman,2020-02-29 12:33:03,6.0,0.0,1.0
,Thailand,2020-02-29 12:33:03,42.0,0.0,28.0
,United Arab Emirates,2020-02-29 12:33:03,21.0,0.0,5.0
Henan,Mainland China,2020-02-29 12:43:05,1272.0,21.0,1170.0
,Qatar,2020-02-29 14:33:03,1.0,0.0,0.0
,Singapore,2020-02-29 14:33:03,102.0,0.0,72.0
,Austria,2020-02-29 14:43:03,9.0,0.0,0.0
,Germany,2020-02-29 14:43:03,79.0,0.0,16.0
,Sweden,2020-02-29 14:43:03,12.0,0.0,0.0
,Iran,2020-02-29 14:53:04,593.0,43.0,123.0
"Snohomish County, WA",US,2020-02-29 15:03:04,1.0,0.0,0.0
Guangdong,Mainland China,2020-02-29 15:33:03,1349.0,7.0,983.0
Hunan,Mainland China,2020-02-29 15:33:03,1018.0,4.0,846.0
Shandong,Mainland China,2020-02-29 15:33:03,756.0,6.0,421.0
Hebei,Mainland China,2020-02-29 15:33:03,318.0,6.0,282.0
Fujian,Mainland China,2020-02-29 15:33:03,296.0,1.0,243.0
Liaoning,Mainland China,2020-02-29 15:33:03,121.0,1.0,96.0
,Japan,2020-02-29 15:53:04,241.0,5.0,32.0
,Bahrain,2020-02-29 18:03:05,41.0,0.0,0.0
,Croatia,2020-02-29 18:03:05,6.0,0.0,0.0
,Denmark,2020-02-29 18:03:05,3.0,0.0,0.0
,Iraq,2020-02-29 18:03:05,13.0,0.0,0.0
,Italy,2020-02-29 18:03:05,1128.0,29.0,46.0
,Netherlands,2020-02-29 18:03:05,6.0,0.0,0.0
,Pakistan,2020-02-29 18:03:05,4.0,0.0,0.0
,Switzerland,2020-02-29 18:03:05,18.0,0.0,0.0
,UK,2020-02-29 18:03:05,23.0,0.0,8.0
,South Korea,2020-02-29 18:13:07,3150.0,16.0,27.0
,France,2020-02-29 19:03:04,100.0,2.0,12.0
,Spain,2020-02-29 19:13:08,45.0,0.0,2.0
,Brazil,2020-02-29 21:03:05,2.0,0.0,0.0
,Luxembourg,2020-02-29 21:03:05,1.0,0.0,0.0
,Mexico,2020-02-29 21:13:17,4.0,0.0,0.0
,Ireland,2020-02-29 22:33:03,1.0,0.0,0.0
"Seattle, WA",US,2020-02-29 22:33:03,6.0,1.0,1.0
Western Australia,Australia,2020-02-29 23:13:06,2.0,0.0,0.0
Chongqing,Mainland China,2020-02-29 23:13:06,576.0,6.0,438.0
Shanxi,Mainland China,2020-02-29 23:13:06,133.0,0.0,114.0
,Norway,2020-02-29 23:13:06,15.0,0.0,0.0
"Toronto, ON",Canada,2020-02-29 23:23:13,10.0,0.0,2.0
British Columbia,Canada,2020-02-29 23:23:13,8.0,0.0,3.0
Hainan,Mainland China,2020-02-29 23:43:02,168.0,5.0,148.0
Hong Kong,Hong Kong,2020-02-29 23:53:02,95.0,2.0,33.0
